,title,link,hood,price
0,"☺ Petaluma Apartment Homes, Laundry Facilities, Warm Firepit",https://sfbay.craigslist.org/nby/apa/d/petaluma-apartment-homes/6569488708.html,,$2429
1,"♥ Great apartments located in Petaluma, Spacious Patio or Balcony, Spa",https://sfbay.craigslist.org/nby/apa/d/great-apartments-located-in/6569506549.html,,$2429
2,Newly Updated Condo - Available Now!,https://sfbay.craigslist.org/nby/apa/d/newly-updated-condo-available/6569515895.html,(novato),$2450
3,"♥ Apartments available in Petaluma, Business center, Play Area",https://sfbay.craigslist.org/nby/apa/d/apartments-available-in/6566885362.html,,$2334
4,"Easy Access to the 101, Upscale Plank Flooring, Bocce Ball Court",https://sfbay.craigslist.org/nby/apa/d/easy-access-to-the-101/6569513599.html,(santa rosa),$2365
5,Quiet Secluded Country Studio above garage,https://sfbay.craigslist.org/nby/apa/d/quiet-secluded-country-studio/6569508935.html,(santa rosa),$1795
6,"Dishwasher, Assigned Garage (Attached and Detached), Scenic View",https://sfbay.craigslist.org/nby/apa/d/dishwasher-assigned-garage/6569505393.html,(novato),$2210
7,"2 bed 1 bath Freeway Accessible, Hardwood Floors",https://sfbay.craigslist.org/nby/apa/d/2-bed-1-bath-freeway/6564578988.html,(Napa),$2055
8,"Tear Drop Lighting, Stainless Steel Appliances, Carpeting and MORE!!!!",https://sfbay.craigslist.org/nby/apa/d/tear-drop-lighting-stainless/6565806581.html,(santa rosa),$2435
9,"Faux Wood Flooring, High Speed Cable and Internet Ready, Scenic View",https://sfbay.craigslist.org/nby/apa/d/faux-wood-flooring-high-speed/6561892405.html,(novato),$2160
10,"☆ Apartments In the middle of Petaluma, Club House, Business center",https://sfbay.craigslist.org/nby/apa/d/apartments-in-the-middle-of/6569491735.html,,$2429
11,"Amazing 1bd/1bth wood floors washer&dryer, parking, great location",https://sfbay.craigslist.org/nby/apa/d/amazing-1bd-1bth-wood-floors/6569487183.html,(san rafael),$2740
12,Private 3 bedroom 2 bath home on creek-side downtown property,https://sfbay.craigslist.org/nby/apa/d/private-3-bedroom-2-bath-home/6565735823.html,(fairfax),$4600
13,"2 bed, 2.5 bath at Brand New Esposti Park Apartments",https://sfbay.craigslist.org/nby/apa/d/2-bed-25-bath-at-brand-new/6565078752.html,(healdsburg / windsor),$2530
14,Brand New Espositi Park Apartments in Windsor,https://sfbay.craigslist.org/nby/apa/d/brand-new-espositi-park/6552844922.html,(santa rosa),$2145
15,"Montevilla Apts, Water/Garbage & Heat Included with Rent",https://sfbay.craigslist.org/nby/apa/d/montevilla-apts-water-garbage/6552853468.html,(santa rosa),$1900
16,❤LOVE YOUR NEW HOME AT THE LOFTS❤,https://sfbay.craigslist.org/nby/apa/d/love-your-new-home-at-the/6569449193.html,(WE OFFER GARAGES!),$1550
17,caretaker needed,https://sfbay.craigslist.org/nby/apa/d/caretaker-needed/6556511809.html,(mendocino county),$1
18,Lovely 3 Bedroom 2 Bath House Westvale Ct Santa Rosa,https://sfbay.craigslist.org/nby/apa/d/lovely-3-bedroom-2-bath-house/6569467408.html,(santa rosa),$3100
19,Apartment,https://sfbay.craigslist.org/nby/apa/d/apartment/6564622786.html,(sonoma),$1795
20,"Blocks from Downtown, Historical Home for Rent",https://sfbay.craigslist.org/nby/apa/d/blocks-from-downtown/6553270623.html,(petaluma),$2950
21,A HIGHER QUALITY OF LIVING * COME HOME TO LUXURY! W/D INCL.,https://sfbay.craigslist.org/nby/apa/d/higher-quality-of-living-come/6558102023.html,(santa rosa),$2329
22,"GORGEOUSLY UPDATED 1X1-DESIGNER APPLIANCES, COUNTERS & PAINT",https://sfbay.craigslist.org/nby/apa/d/gorgeously-updated-1x1/6569461218.html,(santa rosa),$2074
23,Grab This Spectacular View From the Hilltop at Highlands of Marin!,https://sfbay.craigslist.org/nby/apa/d/grab-this-spectacular-view/6569460930.html,(san rafael),$2109
24,Lease This Large 1bx1b Unit And Recieve a Month Free in June!!,https://sfbay.craigslist.org/nby/apa/d/lease-this-large-1bx1b-unit/6569458544.html,(san rafael),$2405
25,"Great House with View! Hardwood Floors, Rent includes PG&E!",https://sfbay.craigslist.org/nby/apa/d/great-house-with-view/6564001145.html,(sebastopol),$3000
26,Spacious Two Bedroom Cottage-like Setting,https://sfbay.craigslist.org/nby/apa/d/spacious-two-bedroom-cottage/6569452513.html,(santa rosa),$1945
27,Home Sweet Home!! Villa Creek Apartments!! Available May 1st!!,https://sfbay.craigslist.org/nby/apa/d/home-sweet-home-villa-creek/6569451826.html,(santa rosa),$1600
28,2/1 Renovated apartment with chef's kitchen! Move in 1st month free!,https://sfbay.craigslist.org/nby/apa/d/2-1-renovated-apartment-with/6569446323.html,(larkspur),$3345
29,Furnished 2 BR 2BA house in Bodega Bay,https://sfbay.craigslist.org/nby/apa/d/furnished-2-br-2ba-house-in/6569445224.html,(Bodega Bay),$3000
30,"2 Bd, 2 Ba; Santa Rosa; Life is good! Perfect for Warm Weather Coming!",https://sfbay.craigslist.org/nby/apa/d/2-bd-2-ba-santa-rosa-life-is/6557488495.html,(santa rosa),$2200
31,Beautiful condo in walking distance to Windsor Green,https://sfbay.craigslist.org/nby/apa/d/beautiful-condo-in-walking/6551856087.html,(healdsburg / windsor),$2050
32,Amazing View 2 bedroom with parking - Casey Belway Zephyr,https://sfbay.craigslist.org/nby/apa/d/amazing-view-2-bedroom-with/6569439771.html,(tiburon / belvedere),$3800
33,"High Speed Cable and Internet Ready, Garage, Faux Wood Flooring",https://sfbay.craigslist.org/nby/apa/d/high-speed-cable-and-internet/6567666804.html,,$2495
34,St helena location,https://sfbay.craigslist.org/nby/apa/d/st-helena-location/6569434204.html,(napa county),$1650
35,Calistoga duplex walk to town,https://sfbay.craigslist.org/nby/apa/d/calistoga-duplex-walk-to-town/6569433745.html,(Napa County),$1475
36,"Dishwasher, Spacious Pantry, Fully Equipped Fitness Center",https://sfbay.craigslist.org/nby/apa/d/dishwasher-spacious-pantry/6565705571.html,,$2880
37,Perfectly Private 2 bd 1 bth in beautiful Tam Valley,https://sfbay.craigslist.org/nby/apa/d/perfectly-private-2-bd-1-bth/6569428866.html,(mill valley),$2900
38,"Fully Equipped Fitness Center, Spacious Walk-In Closets, Breakfast Bar",https://sfbay.craigslist.org/nby/apa/d/fully-equipped-fitness-center/6567644769.html,,$2435
39,"STOP, LOOK, LEASE!!    1 Bedroom, 1 Bath in San Rafael",https://sfbay.craigslist.org/nby/apa/d/stop-look-lease-1-bedroom-1/6566093045.html,(san rafael),$1900
40,"Beautiful 1x1, 2nd floor unit in San Rafael",https://sfbay.craigslist.org/nby/apa/d/beautiful-1x1-2nd-floor-unit/6566095264.html,(san rafael),$2000
41,Relax in one of our atrium social spaces,https://sfbay.craigslist.org/nby/apa/d/relax-in-one-of-our-atrium/6569424763.html,(350 Robin Dr),$4574
42,SUN-FILLED PANARAMIC VIEWS!!  MUST SEE THIS GREAT SETTING!,https://sfbay.craigslist.org/nby/apa/d/sun-filled-panaramic-views/6565563088.html,(santa rosa),$1879
43,"Bright and Updated 2x1 with W/D, 2 Parking Spaces, and more",https://sfbay.craigslist.org/nby/apa/d/bright-and-updated-2x1-with-d/6557508810.html,(santa rosa),$2245
44,"3 bdrm 1 bath single family home with flat, spacious, enclosed yard!",https://sfbay.craigslist.org/nby/apa/d/3-bdrm-1-bath-single-family/6558116461.html,(corte madera),$3950
45,GORGEOUS Magical NATURE Furnished Artist's Retreat sublet 6-9 months,https://sfbay.craigslist.org/nby/apa/d/gorgeous-magical-nature/6569419996.html,(novato),$6750
46,darling 2 bdrm/12 bath house in magical san anselmo setting,https://sfbay.craigslist.org/nby/apa/d/darling-2-bdrm-12-bath-house/6562888682.html,(san anselmo),$3150
47,"Wonderful ranch style 3 bdrm, 1.5 bath in the meadows of san rafael",https://sfbay.craigslist.org/nby/apa/d/wonderful-ranch-style-3-bdrm/6565866091.html,(san rafael),$3825
48,"Public Transportation, Quartz Countertops, Faux Wood Flooring",https://sfbay.craigslist.org/nby/apa/d/public-transportation-quartz/6569419250.html,,$2465
49,"Your New Home Here at Sonoma Ridge at Bennett Valley, Pool, 24 Hr Gym!",https://sfbay.craigslist.org/nby/apa/d/your-new-home-here-at-sonoma/6569416624.html,(santa rosa),$2475
50,"Fantastic 2-Level  Tiburon Duplex, W/D(2485 Mar East Street #B)",https://sfbay.craigslist.org/nby/apa/d/fantastic-2-level-tiburon/6569405994.html,(tiburon / belvedere),$5200
51,"♥ Great Petaluma Location - Great Apartments, Play Area, Fireplaces",https://sfbay.craigslist.org/nby/apa/d/great-petaluma-location-great/6569398718.html,,$2429
52,"☆ Apartments available in Petaluma, Club House, Warm Firepit",https://sfbay.craigslist.org/nby/apa/d/apartments-available-in/6569390786.html,,$2429
53,1/1 Cottage-Cazadero,https://sfbay.craigslist.org/nby/apa/d/1-1-cottage-cazadero/6559540887.html,(russian river),$1425
54,Mid century home for rent - Hawthorne Terrace neighborhood,https://sfbay.craigslist.org/nby/apa/d/mid-century-home-for-rent/6564074286.html,(tiburon / belvedere),$6750
55,"High Speed Cable and Internet Ready, Spa, Community Tot Lot",https://sfbay.craigslist.org/nby/apa/d/high-speed-cable-and-internet/6569397562.html,(santa rosa),$2105
56,3/1 house with HUGE yard steps from middle school with easy 101 access,https://sfbay.craigslist.org/nby/apa/d/3-1-house-with-huge-yard/6564869534.html,(healdsburg / windsor),$3800
57,STUNNING VIEWS! Decks AND Hot Tub!  MUST SEE!,https://sfbay.craigslist.org/nby/apa/d/stunning-views-decks-and-hot/6569392397.html,(tiburon / belvedere),$12950
58,"THREE-BEDROOM, TWO-BATHROOM HOME WITH DOG PARK!",https://sfbay.craigslist.org/nby/apa/d/three-bedroom-two-bathroom/6569393428.html,(napa county),$3004
59,"► Petaluma Apartment Living, Spacious Patio or Balcony, Fireplaces",https://sfbay.craigslist.org/nby/apa/d/petaluma-apartment-living/6569368936.html,,$2429
60,"Move in Today, pay No Rent Until May 1st!!",https://sfbay.craigslist.org/nby/apa/d/move-in-today-pay-no-rent/6569389974.html,(san rafael),$2225
61,Adorable 1BR/1BA Home,https://sfbay.craigslist.org/nby/apa/d/adorable-1br-1ba-home/6569389794.html,(petaluma),$1818
62,"► Apartments in Petaluma, Beautifully Landscaped Grounds, Spa",https://sfbay.craigslist.org/nby/apa/d/apartments-in-petaluma/6565684305.html,,$2429
63,Last Minute Move? Stop by today! 2 Bedroom Apartment Available Now!,https://sfbay.craigslist.org/nby/apa/d/last-minute-move-stop-by/6569388117.html,(santa rosa),$2353
64,Penngrove Beauty on 2.97 Acres -,https://sfbay.craigslist.org/nby/apa/d/penngrove-beauty-on-297-acres/6560524273.html,(rohnert pk / cotati),$3000
65,"2x1 End Unit in Rincon Valley - A/C, Community pool & BBQ!",https://sfbay.craigslist.org/nby/apa/d/2x1-end-unit-in-rincon-valley/6564748078.html,(santa rosa),$2115
66,Bright and spacious 2x1 in Rincon Valley - Community Pool and BBQ!,https://sfbay.craigslist.org/nby/apa/d/bright-and-spacious-2x1-in/6557346912.html,(santa rosa),$1970
67,"Large Walk In Closets, Designer Interior Features, Package Concierge",https://sfbay.craigslist.org/nby/apa/d/large-walk-in-closets/6569376071.html,,$2880
68,"Tastefully remodeled Condo, fully furnished with Spectacular SF views!",https://sfbay.craigslist.org/nby/apa/d/tastefully-remodeled-condo/6559876003.html,(tiburon / belvedere),$5500
69,"Charming 2br, 1.5bath Sycamore Ave home with large back yard.",https://sfbay.craigslist.org/nby/apa/d/charming-2br-15bath-sycamore/6569383511.html,(mill valley),$5000
70,"GORGEOUS RENOVATED, SPACIOUS 2X2!  Amenities*Pet Friendly*Quiet",https://sfbay.craigslist.org/nby/apa/d/gorgeous-renovated-spacious/6569382457.html,(petaluma),$2896
71,"Soothing Spa, Plank Flooring, Sparkling Pool, Large Master Bedroom",https://sfbay.craigslist.org/nby/apa/d/soothing-spa-plank-flooring/6569380942.html,(santa rosa),$1825
72,2/2 Newly Finished Townhome. Move Now - get one month free!!!,https://sfbay.craigslist.org/nby/apa/d/2-2-newly-finished-townhome/6569378179.html,(larkspur),$3861
73,"Fully Equipped Fitness Center, Garage, Inviting Clubhouse",https://sfbay.craigslist.org/nby/apa/d/fully-equipped-fitness-center/6569374347.html,,$2495
74,1x1 First Floor in Rincon Valley - Community BBQ and Pool!,https://sfbay.craigslist.org/nby/apa/d/1x1-first-floor-in-rincon/6546440739.html,(santa rosa),$1705
75,Kentwood Apartments-Applying is simple! Quick Move-ins! Fast approval!,https://sfbay.craigslist.org/nby/apa/d/kentwood-apartments-applying/6550834855.html,(Napa),$1665
76,"one bedroom, 2 bath, large office, 1300 sq ft house with nice views",https://sfbay.craigslist.org/nby/apa/d/one-bedroom-2-bath-large/6569373024.html,(rohnert pk / cotati),$2250
77,"֍ Apartment Available in Petaluma, 4 Refreshing Pools, Dish Washer",https://sfbay.craigslist.org/nby/apa/d/apartment-available-in/6569353075.html,,$2429
78,"Pool Side Community BBQ, Garage, Quartz Countertops",https://sfbay.craigslist.org/nby/apa/d/pool-side-community-bbq/6569372452.html,,$2375
79,"❄ The Vineyard Luxury Apartments in Petaluma, Dish Washer, Club House",https://sfbay.craigslist.org/nby/apa/d/the-vineyard-luxury/6569346225.html,,$2429
80,"Calistoga Napa Valley Furnished Rental Home w/views, walk to town",https://sfbay.craigslist.org/nby/apa/d/calistoga-napa-valley/6560312517.html,"(Calistoga, Napa Valley,)",$3950
81,Enjoy the Cool Summer Breeze from a 1st Floor 1X1 at Parc Station!,https://sfbay.craigslist.org/nby/apa/d/enjoy-the-cool-summer-breeze/6569371601.html,(santa rosa),$1760
82,2 bedroom townhouse,https://sfbay.craigslist.org/nby/apa/d/2-bedroom-townhouse/6569371572.html,(novato),$2850
83,"Inviting Clubhouse, State of the art Business Center, Carpeting",https://sfbay.craigslist.org/nby/apa/d/inviting-clubhouse-state-of/6569370645.html,,$2020
84,2bd/2ba - **WATERFRONT - World Class Views** - Pet Friendly,https://sfbay.craigslist.org/nby/apa/d/2bd-2ba-waterfront-world/6569369629.html,(tiburon / belvedere),$5165
85,"Limitless Style, Unreal	Service & Crazy Fun.",https://sfbay.craigslist.org/nby/apa/d/limitless-style-unreal/6569367865.html,(rohnert pk / cotati),$2495
86,4 bd 3 ba Single Family Home in Santa Rosa,https://sfbay.craigslist.org/nby/apa/d/4-bd-3-ba-single-family-home/6546427878.html,(santa rosa),$3300
87,"Majestic views, Plentiful closet/ storage space, Large redwood decks",https://sfbay.craigslist.org/nby/apa/d/majestic-views-plentiful/6569361754.html,(san anselmo),$2105
88,"LRG 2x2 in Garden Style Community. WD in unit, on-site maintenance, et",https://sfbay.craigslist.org/nby/apa/d/lrg-2x2-in-garden-style/6566027233.html,(rohnert pk / cotati),$2465
89,"Gourmet Kitchen with Breakfast Bar and Pantry, Dishwasher, Carport",https://sfbay.craigslist.org/nby/apa/d/gourmet-kitchen-with/6567611522.html,,$2020
90,Newly Renovated 1X1 with W/D in unit! Available Now,https://sfbay.craigslist.org/nby/apa/d/newly-renovated-1x1-with-d-in/6567516851.html,(rohnert pk / cotati),$2090
91,Perfect Remodel/New Granite Kitchen/Dogs!,https://sfbay.craigslist.org/nby/apa/d/perfect-remodel-new-granite/6556343066.html,(santa rosa),$1495
92,"1 bed 1 bath Laundry Facility, Newly Renovated",https://sfbay.craigslist.org/nby/apa/d/1-bed-1-bath-laundry-facility/6567018060.html,(Napa),$1695
93,Apartment for Rent in Sausalito!,https://sfbay.craigslist.org/nby/apa/d/apartment-for-rent-in/6565730044.html,(sausalito),$2200
94,"Great 2-Storey 4BR/3BA Napa Home w/Garage, Yard (2176 Patton Ave)",https://sfbay.craigslist.org/nby/apa/d/great-2-storey-4br-3ba-napa/6569356135.html,(napa county),$2800
95,"☀ Petaluma Apartment Living, Dish Washer, Soccer Court",https://sfbay.craigslist.org/nby/apa/d/petaluma-apartment-living/6569322449.html,,$2429
96,Come check out Parc Station!,https://sfbay.craigslist.org/nby/apa/d/come-check-out-parc-station/6569351674.html,(santa rosa),$1760
97,"And You Break into Your Happy Dance! Home w/Comfort, Amenities, PETS!",https://sfbay.craigslist.org/nby/apa/d/and-you-break-into-your-happy/6564834914.html,(petaluma),$1952
98,"2 Bedroom, 1 Bathroom Townhome near South Napa Marketplace and Napa Va",https://sfbay.craigslist.org/nby/apa/d/2-bedroom-1-bathroom-townhome/6569348830.html,(napa county),$1950
99,"❄ Apartments in Petaluma, Tennis court, Laundry Facilities",https://sfbay.craigslist.org/nby/apa/d/apartments-in-petaluma-tennis/6565656628.html,,$2429
100,"Package Concierge, Washer/Dryer, Carpeting",https://sfbay.craigslist.org/nby/apa/d/package-concierge-washer/6567518038.html,(novato),$2210
101,Spacious Patio/Updated Unit - 2BR-1.5 BA,https://sfbay.craigslist.org/nby/apa/d/spacious-patio-updated-unit/6564748165.html,(novato),$2500
102,2br apartment for rent (short term) from May 1st to November 1st,https://sfbay.craigslist.org/nby/apa/d/2br-apartment-for-rent-short/6565226404.html,(Marin county),$2300
103,Your future begins here in the gem of Napa!,https://sfbay.craigslist.org/nby/apa/d/your-future-begins-here-in/6569341275.html,(napa county),$3210
104,"Guest Parking, Faux Wood Flooring, High Ceilings",https://sfbay.craigslist.org/nby/apa/d/guest-parking-faux-wood/6567594504.html,(santa rosa),$2105
105,"Saint Helena, what a beautiful place!",https://sfbay.craigslist.org/nby/apa/d/saint-helena-what-beautiful/6569340008.html,(napa county),$3000
106,Furnished~Move-In Ready! 2Br 2Ba Sebastopol.Gorgeous location.,https://sfbay.craigslist.org/nby/apa/d/furnishedmove-in-ready-2br/6561830893.html,(sebastopol),$3450
107,Furnished~Move-In Read 2Br 2Ba Seb.  Great location!,https://sfbay.craigslist.org/nby/apa/d/furnishedmove-in-read-2br-2ba/6561830041.html,(sebastopol),$3450
108,"Pet Friendly Community, 1 bedroom 1 Bath",https://sfbay.craigslist.org/nby/apa/d/pet-friendly-community-1/6569339652.html,(santa rosa),$1650
109,***Spacious 2 bedroom with parking and W/D!***,https://sfbay.craigslist.org/nby/apa/d/spacious-2-bedroom-with/6559983008.html,(san rafael),$2695
110,"Soothing Spa, Carpeting, High Speed Cable and Internet Ready",https://sfbay.craigslist.org/nby/apa/d/soothing-spa-carpeting-high/6567546769.html,,$2880
111,Live at the Center of Modern Conveniences & Entertainment!,https://sfbay.craigslist.org/nby/apa/d/live-at-the-center-of-modern/6569317999.html,,$2429
112,AVAILABLE TODAY !!!!!!RENOVATED 2 BEDROOM 2 BATH  DOWNSTAIRS UNIT.,https://sfbay.craigslist.org/nby/apa/d/available-today-renovated-2/6569332011.html,(Santa Rosa),$2249
113,Sophisticated Remodeled 4BD/2BA Home w/ Gorgeous Hillside Views,https://sfbay.craigslist.org/nby/apa/d/sophisticated-remodeled-4bd/6564866553.html,(san rafael),$6900
114,"Spacious, Elegant Home w/ Bay access",https://sfbay.craigslist.org/nby/apa/d/spacious-elegant-home-bay/6562095756.html,(tiburon / belvedere),$6400
115,6180 Stoetz Lane,https://sfbay.craigslist.org/nby/apa/d/6180-stoetz-lane/6569328299.html,(sebastopol),$2800
116,Commuting Is A Breeze! You'll Love This Spacious 1x1!,https://sfbay.craigslist.org/nby/apa/d/commuting-is-breeze-youll/6553622156.html,(rohnert pk / cotati),$1699
117,Light And Cheery 1x1's! Great Westside Location!,https://sfbay.craigslist.org/nby/apa/d/light-and-cheery-1x1s-great/6553541467.html,(petaluma),$1999
118,This Ground Floor Patio Is Just The Place To Relax!,https://sfbay.craigslist.org/nby/apa/d/this-ground-floor-patio-is/6543097663.html,(santa rosa),$2199
119,"☆ Apartments available in Petaluma, Oversized Closets, Business center",https://sfbay.craigslist.org/nby/apa/d/apartments-available-in/6569290023.html,,$2429
120,Upstairs Unit! Perfect Layout For Everyone!,https://sfbay.craigslist.org/nby/apa/d/upstairs-unit-perfect-layout/6555831919.html,(santa rosa),$2099
121,What A Renovation Going ON! Look What All There Is To Enjoy!,https://sfbay.craigslist.org/nby/apa/d/what-renovation-going-on-look/6555832325.html,(santa rosa),$2249
122,You'll LOVE This One Bedroom! Ready NOW!,https://sfbay.craigslist.org/nby/apa/d/youll-love-this-one-bedroom/6550750224.html,(sausalito),$2750
123,Summer is Right Around The Corner Which Means Grilling And a New Home,https://sfbay.craigslist.org/nby/apa/d/summer-is-right-around-the/6569323719.html,(santa rosa),$2130
124,Fabulous 2x1! Available Soon!,https://sfbay.craigslist.org/nby/apa/d/fabulous-2x1-available-soon/6544922526.html,(novato),$2649
125,The Best Location In All Of Sausalito!,https://sfbay.craigslist.org/nby/apa/d/the-best-location-in-all-of/6549371316.html,(sausalito),$2750
126,Come Check Out Our 1x1's Rolling Out!,https://sfbay.craigslist.org/nby/apa/d/come-check-out-our-1x1s/6549357005.html,(santa rosa),$1599
127,"♥ Apartments available in Petaluma, Oversized Closets, Warm Firepit",https://sfbay.craigslist.org/nby/apa/d/apartments-available-in/6569320277.html,,$2429
128,Our One Bedrooms Are Coming Available Right NOW!,https://sfbay.craigslist.org/nby/apa/d/our-one-bedrooms-are-coming/6549356757.html,(santa rosa),$1599
129,Ready Soon! An Easy Commute And Gorgeous Surrounding Hillsides,https://sfbay.craigslist.org/nby/apa/d/ready-soon-an-easy-commute/6543690677.html,(novato),$2649
130,Gorgeous Private Home with Magical Views,https://sfbay.craigslist.org/nby/apa/d/gorgeous-private-home-with/6557343903.html,(san rafael),$8250
131,Private Mill Valley 3BR Cottage with Great Outdoor Space,https://sfbay.craigslist.org/nby/apa/d/private-mill-valley-3br/6563729629.html,(mill valley),$4000
132,Spacious 2 Bed x 1.5 Bath!  Reserve Yours Ahead Of The Others!,https://sfbay.craigslist.org/nby/apa/d/spacious-2-bed-15-bath/6549354668.html,(santa rosa),$2099
133,"☀ Petaluma Apartment Living, Spacious Patio or Balcony, Play Area",https://sfbay.craigslist.org/nby/apa/d/petaluma-apartment-living/6563669184.html,,$2334
134,AMAZING VIEWS! Sophisticated and Private Mill Valley Hilltop Oasis!,https://sfbay.craigslist.org/nby/apa/d/amazing-views-sophisticated/6567009745.html,(mill valley),$14000
135,Stunning San Francisco Views! Walk to Downtown - Lovely Mill Valley Home!,https://sfbay.craigslist.org/nby/apa/d/stunning-san-francisco-views/6567005362.html,(mill valley),$8500
136,Light and spacious apt. near downtown and Dominican,https://sfbay.craigslist.org/nby/apa/d/light-and-spacious-apt-near/6565032525.html,(san rafael),$1875
137,Mill Valley (Strawberry) Nicely Renovated 2x1 w. extra large patio,https://sfbay.craigslist.org/nby/apa/d/mill-valley-strawberry-nicely/6563754609.html,(mill valley),$2850
138,East Petaluma 3BR 2BA 1882 Sq $3300,https://sfbay.craigslist.org/nby/apa/d/east-petaluma-3br-2ba-1882-sq/6569297333.html,(petaluma),$3300
139,Stunning Short Term Lease with Views of the Bay!,https://sfbay.craigslist.org/nby/apa/d/stunning-short-term-lease/6564801178.html,(sausalito),$6000
140,Be the first tenants to live in this renovated 2 bdrm 1 bath condo,https://sfbay.craigslist.org/nby/apa/d/be-the-first-tenants-to-live/6558308443.html,(napa county),$2450
141,"~Available Now! ~ Bright condo in San Rafael, Meadow Wood Area- PRANDI",https://sfbay.craigslist.org/nby/apa/d/available-now-bright-condo-in/6552026046.html,(san rafael),$3250
142,3 bdrm 2 bath home on Mount Veeder Rd w/ views,https://sfbay.craigslist.org/nby/apa/d/3-bdrm-2-bath-home-on-mount/6569290765.html,(napa county),$3400
143,Charming Lower Unit Duplex in San Rafael! - PRANDI,https://sfbay.craigslist.org/nby/apa/d/charming-lower-unit-duplex-in/6544827101.html,(san rafael),$2550
144,2 Bedroom Home w/ Views of San Francisco - PRANDI,https://sfbay.craigslist.org/nby/apa/d/2-bedroom-home-views-of-san/6559074048.html,(sausalito),$5450
145,Modern Condo in San Rafael - Pool and Tennis Court Access - PRANDI,https://sfbay.craigslist.org/nby/apa/d/modern-condo-in-san-rafael/6550871621.html,(san rafael),$3150
146,Find Your New 2BR/2BA Townhome Here!!,https://sfbay.craigslist.org/nby/apa/d/find-your-new-2br-2ba/6569289552.html,(petaluma),$2741
147,"Two-Bedroom, Two-Bathroom Apartment with a Fully Equipped Kitchen",https://sfbay.craigslist.org/nby/apa/d/two-bedroom-two-bathroom/6569286104.html,(petaluma),$2676
148,"Charming, Upgraded, Vintage  4 BR Tiburon home w/ stunning views",https://sfbay.craigslist.org/nby/apa/d/charming-upgraded-vintage-4/6569285862.html,(tiburon / belvedere),$10700
149,Upgraded cottage 1/2 mile west of Guerneville w/d hook ups,https://sfbay.craigslist.org/nby/apa/d/upgraded-cottage-1-2-mile/6560991572.html,(russian river),$1600
150,Remodeled Three Bedroom Two Bath Home on Private Road with Large Yard,https://sfbay.craigslist.org/nby/apa/d/remodeled-three-bedroom-two/6549913938.html,(russian river),$2500
151,"Remodeled cottage on the Russian River, walking distance to town",https://sfbay.craigslist.org/nby/apa/d/remodeled-cottage-on-the/6558480232.html,(russian river),$1350
152,"Upgraded home 1/2 mile west of Guerneville, W/D Hook ups, sunny yard",https://sfbay.craigslist.org/nby/apa/d/upgraded-home-1-2-mile-west/6569284693.html,(russian river),$1950
153,Avaliable now up  stairs unit 1 Bdr. Apartment for rent,https://sfbay.craigslist.org/nby/apa/d/avaliable-now-up-stairs-unit/6564213396.html,(santa rosa),$1725
154,Check out This Huge Deal!! 1 Month OFF in June!!! Stop by Today!,https://sfbay.craigslist.org/nby/apa/d/check-out-this-huge-deal-1/6569276882.html,(san rafael),$2405
155,Home in Gated Neighborhood in Angwin,https://sfbay.craigslist.org/nby/apa/d/home-in-gated-neighborhood-in/6557336566.html,(napa county),$2500
156,Beautiful Villa Creek in Santa Rosa!! Studio Avail. May 23rd!!,https://sfbay.craigslist.org/nby/apa/d/beautiful-villa-creek-in/6569274755.html,(santa rosa),$1100
157,"Perfect 1bd/1bth Condo in quiet, safe neighborhood",https://sfbay.craigslist.org/nby/apa/d/perfect-1bd-1bth-condo-in/6569273460.html,(santa rosa),$1995
158,"Fully Equipped Fitness Center, Carpeting, Guest Parking",https://sfbay.craigslist.org/nby/apa/d/fully-equipped-fitness-center/6569271908.html,(santa rosa),$2435
159,St. Helena Home with Fantastic Views,https://sfbay.craigslist.org/nby/apa/d/st-helena-home-with-fantastic/6569269278.html,(napa county),$3800
160,3 Bedroom 2 Bath Available Now Located in Cloverdale Ready Now,https://sfbay.craigslist.org/nby/apa/d/3-bedroom-2-bath-available/6564632679.html,(mendocino county),$2350
161,"4 Bedrooms Plus Bonus Room, 3 Full & 2.5 Bath Southern Mansion in Napa",https://sfbay.craigslist.org/nby/apa/d/4-bedrooms-plus-bonus-room-3/6569267493.html,(napa county),$19500
162,6 bedroom 3 full bath located in Southern Cloverdale Avaliable Now,https://sfbay.craigslist.org/nby/apa/d/6-bedroom-3-full-bath-located/6564620033.html,(mendocino county),$3250
163,Stunning 2 Story Vintana home in Windsor,https://sfbay.craigslist.org/nby/apa/d/stunning-2-story-vintana-home/6559060594.html,(healdsburg / windsor),$4500
164,Beautifully furnished 3 bedroom Cotati Home!,https://sfbay.craigslist.org/nby/apa/d/beautifully-furnished-3/6551935530.html,(rohnert pk / cotati),$3800
165,Large 6 Bed 3 Full Bath Home for Rent in Cloverdale,https://sfbay.craigslist.org/nby/apa/d/large-6-bed-3-full-bath-home/6560163761.html,(healdsburg / windsor),$3250
166,Spacious Studio,https://sfbay.craigslist.org/nby/apa/d/spacious-studio/6569262438.html,(sebastopol),$1200
167,"3 Bed 2 Bath Home for Rent in Cloverdale, Avaliable now!",https://sfbay.craigslist.org/nby/apa/d/3-bed-2-bath-home-for-rent-in/6560183570.html,(healdsburg / windsor),$2350
168,Amazing Views 2 Bedrooms 1 Bath with Balcony in Terra Linda / Central,https://sfbay.craigslist.org/nby/apa/d/amazing-views-2-bedrooms-1/6559310308.html,(san rafael),$2500
169,Available; Mid~May2018; Upstairs; 1bedroom; 1bathroom;,https://sfbay.craigslist.org/nby/apa/d/available-midmay2018-upstairs/6569260492.html,(santa rosa),$1728
170,Amazing 1 Bedroom 1 Bath with Balcony in Terra Linda / Central,https://sfbay.craigslist.org/nby/apa/d/amazing-1-bedroom-1-bath-with/6559270469.html,(san rafael),$1995
171,"3 Bed 2 Bath Home for rent in Cloverdale, Ready to Move In",https://sfbay.craigslist.org/nby/apa/d/3-bed-2-bath-home-for-rent-in/6560203670.html,(santa rosa),$2350
172,"Central Heat and Air Conditioning, Soothing Spa, Dishwasher",https://sfbay.craigslist.org/nby/apa/d/central-heat-and-air/6567512271.html,(santa rosa),$2395
173,Pet friendly 2 bed condo for rent,https://sfbay.craigslist.org/nby/apa/d/pet-friendly-2-bed-condo-for/6569258784.html,(rohnert pk / cotati),$2250
174,"COMMUNITY GARDEN, POOL, GYM & MORE!  AMAZINGLY PEACEFUL LOCATION **",https://sfbay.craigslist.org/nby/apa/d/community-garden-pool-gym/6558108509.html,(santa rosa),$2459
175,"Huge 6 Bed 3 Full Bath in Cloverdale, Ready to Move in NOW!",https://sfbay.craigslist.org/nby/apa/d/huge-6-bed-3-full-bath-in/6560296358.html,(santa rosa),$3250
176,Single family home available now in Benicia,https://sfbay.craigslist.org/nby/apa/d/single-family-home-available/6563880284.html,(848 Rose Drive Benicia CA),$2937
177,Comfortable Two Story Home Ideally Located,https://sfbay.craigslist.org/nby/apa/d/comfortable-two-story-home/6557336346.html,(sonoma),$2450
178,Brand New Single Level Listing Close to the Sonoma Square,https://sfbay.craigslist.org/nby/apa/d/brand-new-single-level/6560124131.html,(sonoma),$3600
179,"Very cute, updated duplex unit.",https://sfbay.craigslist.org/nby/apa/d/very-cute-updated-duplex-unit/6565967343.html,(sonoma),$1375
180,"Ground Floor Two Bedroom Two Bath, Pool, 24 Hr Gym, BBQ's, Pets Ok!!",https://sfbay.craigslist.org/nby/apa/d/ground-floor-two-bedroom-two/6569255026.html,(santa rosa),$2475
181,"Modern Tile Backsplash, State of the art Business Center, Media Room",https://sfbay.craigslist.org/nby/apa/d/modern-tile-backsplash-state/6567474167.html,,$2070
182,Ready to Move In ASAP? Ask Us About Our Ready to Rent Options NOW!!,https://sfbay.craigslist.org/nby/apa/d/ready-to-move-in-asap-ask-us/6569254094.html,(san rafael),$3863
183,A HIGHER QUALITY OF LIVING! COME HOME TO LUXURY! W/D INCL.,https://sfbay.craigslist.org/nby/apa/d/higher-quality-of-living-come/6561306247.html,(santa rosa),$2329
184,Looking for Flexible Options? Ask Us About Our Flex Wall Today!!,https://sfbay.craigslist.org/nby/apa/d/looking-for-flexible-options/6569252393.html,(san rafael),$3011
185,"Beautiful Townhome Apartment,  Unit 17, Available May 19th",https://sfbay.craigslist.org/nby/apa/d/beautiful-townhome-apartment/6559513361.html,(santa rosa),$2150
186,Beautiful Townhome 2 Bedroom Apartment!,https://sfbay.craigslist.org/nby/apa/d/beautiful-townhome-2-bedroom/6569252141.html,(santa rosa),$2085
187,FURNISHED 3 Bedroom Townhouse CLOVERDALE,https://sfbay.craigslist.org/nby/apa/d/furnished-3-bedroom-townhouse/6569252079.html,(healdsburg / windsor),$3500
188,1 Bed/1 Bath - Custom Light Fixtures and Faucets,https://sfbay.craigslist.org/nby/apa/d/1-bed-1-bath-custom-light/6569251361.html,,$2329
189,"Quartz Countertops, Soothing Spa, Faux Wood Flooring",https://sfbay.craigslist.org/nby/apa/d/quartz-countertops-soothing/6567513519.html,,$2375
190,3 Bedrooms Perfect for You and Your Roommates! 1 Month Free!,https://sfbay.craigslist.org/nby/apa/d/3-bedrooms-perfect-for-you/6569243691.html,(san rafael),$3863
191,FABULOUS 1 BED*W/D*BEAUTIFUL VIEWS,https://sfbay.craigslist.org/nby/apa/d/fabulous-1-bedw-dbeautiful/6553941441.html,(santa rosa),$1879
192,Ignacio Hill Apts  Studio   **Coming Soon!!!!**,https://sfbay.craigslist.org/nby/apa/d/ignacio-hill-apts-studio/6569240553.html,(novato),$2000
193,RV Space for Rent in Clearlake Oaks,https://sfbay.craigslist.org/nby/apa/d/rv-space-for-rent-in/6569240044.html,(Lake County),$310
194,Ignacio Hill Apts  1 x 1    ***Available Now!!!!***,https://sfbay.craigslist.org/nby/apa/d/ignacio-hill-apts-1-1/6569238068.html,(novato),$2150
195,Charming Tri-Level Home,https://sfbay.craigslist.org/nby/apa/d/charming-tri-level-home/6569234581.html,(petaluma),$3000
196,Zero Edge Swimming Pool,https://sfbay.craigslist.org/nby/apa/d/zero-edge-swimming-pool/6569234370.html,(Paradise Dr and Robin Dr),$4874
197,Look & Lease Today and Take a Free Month With You!,https://sfbay.craigslist.org/nby/apa/d/look-lease-today-and-take/6569234299.html,(san rafael),$2109
198,CLEAN & SPACIOUS NEW STUDIO SANTA ROSA MOBILE HOME,https://sfbay.craigslist.org/nby/apa/d/clean-spacious-new-studio/6564660470.html,(santa rosa),$1100
199,NAPA VALLEY STUDIO COTTAGE IN DOWNTOWN CALISTOGA!,https://sfbay.craigslist.org/nby/apa/d/napa-valley-studio-cottage-in/6564930469.html,(napa county),$1310
200,SPACIOUS & BRIGHT 3 BDRM NAPA CONDO W/ PRIVATE YARD & GARAGE,https://sfbay.craigslist.org/nby/apa/d/spacious-bright-3-bdrm-napa/6560173418.html,(napa county),$2600
201,SPECTACULAR SINGLE-LEVEL 3BDRM NAPA RIVERFRONT HOME WITH BOAT DOCK,https://sfbay.craigslist.org/nby/apa/d/spectacular-single-level/6556470984.html,(napa county),$3700
202,"1659A Allyn, St. Helena",https://sfbay.craigslist.org/nby/apa/d/1659a-allyn-st-helena/6543564007.html,(napa county),$1700
203,1043 Barrow Lane Gated 5 Acre East Napa Estate W/ 2 Barns and Pool,https://sfbay.craigslist.org/nby/apa/d/1043-barrow-lane-gated-5-acre/6569170387.html,(napa county),$7000
204,Amazing Clubhouse just waiting to be Reserved! Great For Parties!!!,https://sfbay.craigslist.org/nby/apa/d/amazing-clubhouse-just/6569225865.html,(san rafael),$75
205,Gated San Rafael Estate w/Detached Guest House + Pool + Tennis Court,https://sfbay.craigslist.org/nby/apa/d/gated-san-rafael-estate/6564784160.html,(san rafael),$11500
206,"Top-floor, Waterfront View Condo- Updated & Spacious - FOUNDATION",https://sfbay.craigslist.org/nby/apa/d/top-floor-waterfront-view/6564313666.html,(greenbrae),$4500
207,"Furnished  Single family house,  Woodacre      $3,500.00",https://sfbay.craigslist.org/nby/apa/d/furnished-single-family-house/6563197118.html,(west marin),$3500
208,Gorgeous vintage view home w/ home theater & pool - FOUNDATION,https://sfbay.craigslist.org/nby/apa/d/gorgeous-vintage-view-home/6564312457.html,(sausalito),$11500
209,LARGE 4BD/3.5BA MILL VALLEY HOME - Blks to Edna McGuire! -FOUNDATION,https://sfbay.craigslist.org/nby/apa/d/large-4bd-35ba-mill-valley/6561027139.html,(mill valley),$8250
210,Majestic Mill Valley 4bd/3ba Dipsea Trail- VIEWS- FOUNDATION,https://sfbay.craigslist.org/nby/apa/d/majestic-mill-valley-4bd-3ba/6550097577.html,(mill valley),$7500
211,DeSilva Island TownHome w/ Community Pool & Amenities -FOUNDATION,https://sfbay.craigslist.org/nby/apa/d/desilva-island-townhome/6561028811.html,(mill valley),$5900
212,Luxury Yacht Club-Style Living in Tiburon - FOUNDATION,https://sfbay.craigslist.org/nby/apa/d/luxury-yacht-club-style/6554448443.html,(tiburon / belvedere),$4168
213,Sunny Upstairs Unit in Guerneville w/Private Beach!,https://sfbay.craigslist.org/nby/apa/d/sunny-upstairs-unit-in/6557593171.html,(russian river),$1800
214,Adorably Remodeled 1 Bedroom!,https://sfbay.craigslist.org/nby/apa/d/adorably-remodeled-1-bedroom/6564052796.html,(santa rosa),$1400
215,Sunny Upstairs Guerneville Studio w/Private Beach!,https://sfbay.craigslist.org/nby/apa/d/sunny-upstairs-guerneville/6557597978.html,(russian river),$1000
216,Gorgeous Remodeled 1 bdrm Apt.,https://sfbay.craigslist.org/nby/apa/d/gorgeous-remodeled-1-bdrm-apt/6558303954.html,(novato),$1795
217,1 Bedroom 1 Bath Will Not Last Long!,https://sfbay.craigslist.org/nby/apa/d/1-bedroom-1-bath-will-not/6569212136.html,(rohnert pk / cotati),$1670
218,Immaculate Home in Hamilton!,https://sfbay.craigslist.org/nby/apa/d/immaculate-home-in-hamilton/6542095150.html,(novato),$4595
219,"1/1 New SS Kitchen, Near restaurants, shopping, gym, wine shops!",https://sfbay.craigslist.org/nby/apa/d/1-1-new-ss-kitchen-near/6569210694.html,(larkspur),$2869
220,Updated  Sonoma Home,https://sfbay.craigslist.org/nby/apa/d/updated-sonoma-home/6562978036.html,(sonoma),$3950
221,Tranquil Mountain Retreat,https://sfbay.craigslist.org/nby/apa/d/tranquil-mountain-retreat/6562856132.html,(sonoma),$3600
222,Updated end unit in desirable Sonoma area,https://sfbay.craigslist.org/nby/apa/d/updated-end-unit-in-desirable/6550853463.html,(sonoma),$2700
223,Third Floor - 2x2 - W/ Washer/Dryer - Available May 9 55+,https://sfbay.craigslist.org/nby/apa/d/third-floor-2x2-washer-dryer/6569206208.html,(rohnert pk / cotati),$2510
224,Meticulous East Side Home,https://sfbay.craigslist.org/nby/apa/d/meticulous-east-side-home/6553009927.html,(sonoma),$6750
225,Light and Bright Sonoma Duplex,https://sfbay.craigslist.org/nby/apa/d/light-and-bright-sonoma-duplex/6560394485.html,(sonoma),$1925
226,Sonoma Country Home,https://sfbay.craigslist.org/nby/apa/d/sonoma-country-home/6553763614.html,(sonoma),$5500
227,The Grateful Nest,https://sfbay.craigslist.org/nby/apa/d/the-grateful-nest/6564694391.html,(sonoma),$10500
228,"♥ Apartments in Petaluma, Spacious Patio or Balcony, Dish Washer",https://sfbay.craigslist.org/nby/apa/d/apartments-in-petaluma/6564027200.html,,$2429
229,Walk to Ferry! Move to Larkspur Courts this spring! $2499! Special!,https://sfbay.craigslist.org/nby/apa/d/walk-to-ferry-move-to/6569202171.html,(larkspur),$2499
230,BEAUTIFULLY APPOINTED 1X1 WITH GRANITE KITCHEN & BATH,https://sfbay.craigslist.org/nby/apa/d/beautifully-appointed-1x1/6569201010.html,(santa rosa),$2074
231,3BR/1.5BA Your New Home is waiting! Call us Today!,https://sfbay.craigslist.org/nby/apa/d/3br-15ba-your-new-home-is/6560520713.html,(tiburon / belvedere),$4704
232,Beautiful Home in Newer Neighborhood,https://sfbay.craigslist.org/nby/apa/d/beautiful-home-in-newer/6552654445.html,(mill valley),$7800
233,"1 bed 1 bath Carpeting, Professional On Site Management",https://sfbay.craigslist.org/nby/apa/d/1-bed-1-bath-carpeting/6565075375.html,(Napa),$1690
234,Bennett Valley,https://sfbay.craigslist.org/nby/apa/d/bennett-valley/6566839360.html,(santa rosa),$1795
235,*SPACES IN MOBILE HOME PARKS (also for RV's) *From $325/mo + Utilities,https://sfbay.craigslist.org/nby/apa/d/spaces-in-mobile-home-parks/6554494661.html,(lake county),$325
236,Second Floor - 1x1 + Den - Washer/Dryer - Available May 13th!! 55+,https://sfbay.craigslist.org/nby/apa/d/second-floor-1x1-den-washer/6569196007.html,(rohnert pk / cotati),$2210
237,2 Bedroom Condo in San Rafael - Pool/Hot Tub Access,https://sfbay.craigslist.org/nby/apa/d/2-bedroom-condo-in-san-rafael/6563113831.html,(san rafael),$3250
238,"Nightly Courtesy Patrol, Private Patio/Balcony, Public Parks Nearby",https://sfbay.craigslist.org/nby/apa/d/nightly-courtesy-patrol/6569188077.html,,$2880
239,Stunning Single-Family Home in Sausalito - PRANDI,https://sfbay.craigslist.org/nby/apa/d/stunning-single-family-home/6557595787.html,(sausalito),$5450
240,"2 bed 1 bath Laundry Facility, Carpeting",https://sfbay.craigslist.org/nby/apa/d/2-bed-1-bath-laundry-facility/6569179747.html,(Napa),$2055
241,"Faux Wood Flooring, Public Parks Nearby, Quartz Countertops",https://sfbay.craigslist.org/nby/apa/d/faux-wood-flooring-public/6569186459.html,,$2495
242,One Bedroom House in Private Mountain Setting,https://sfbay.craigslist.org/nby/apa/d/one-bedroom-house-in-private/6562887406.html,(napa county),$1800
243,Luxury One Bedroom Napa Riverfront Condominium,https://sfbay.craigslist.org/nby/apa/d/luxury-one-bedroom-napa/6557315413.html,(napa county),$3600
244,Spacious Two Bedroom Duplex Close to Downtown Napa,https://sfbay.craigslist.org/nby/apa/d/spacious-two-bedroom-duplex/6549894598.html,(napa county),$1925
245,Updated Two Bedroom Napa Apartment,https://sfbay.craigslist.org/nby/apa/d/updated-two-bedroom-napa/6546435846.html,(napa county),$2000
246,"Central Heat and Air Conditioning, Soothing Spa, Garage",https://sfbay.craigslist.org/nby/apa/d/central-heat-and-air/6569184470.html,,$2375
247,Gorgeous Four Bedroom House on Six Acres with Views,https://sfbay.craigslist.org/nby/apa/d/gorgeous-four-bedroom-house/6569184096.html,(napa county),$4300
248,8100 Carlisle Way 3 Bed 2 Bath in Prestigious Hiddenbrook Community,https://sfbay.craigslist.org/nby/apa/d/8100-carlisle-way-3-bed-2/6569183771.html,(napa county),$2800
249,"Tile Backsplash, Package Concierge, Crown Molding",https://sfbay.craigslist.org/nby/apa/d/tile-backsplash-package/6567454921.html,(novato),$2210
250,"Stainless Steel Appliances, Assigned Parking and Guest Parking",https://sfbay.craigslist.org/nby/apa/d/stainless-steel-appliances/6569183619.html,(santa rosa),$2100
251,Ooh La La!,https://sfbay.craigslist.org/nby/apa/d/ooh-la-la/6569183274.html,(rohnert pk / cotati),$1750
252,"Gourmet Kitchen with Breakfast Bar and Pantry, Carpeting, Carport",https://sfbay.craigslist.org/nby/apa/d/gourmet-kitchen-with/6569183074.html,,$2020
253,"Night Patrol, Fitness Center, Gym, Spa!",https://sfbay.craigslist.org/nby/apa/d/night-patrol-fitness-center/6569182370.html,(santa rosa),$2520
254,Beautiful Four Bedroom North Napa Home,https://sfbay.craigslist.org/nby/apa/d/beautiful-four-bedroom-north/6551994606.html,(napa county),$3300
255,Spacious One Bedroom Barn in Idyllic Vineyard Setting,https://sfbay.craigslist.org/nby/apa/d/spacious-one-bedroom-barn-in/6553989659.html,(napa county),$2800
256,Absolutely Stunning 1600 Square Foot One Bedroom Home on Acreage,https://sfbay.craigslist.org/nby/apa/d/absolutely-stunning-1600/6554020935.html,(napa county),$4000
257,Gated Home on Acreage with Vineyard Views,https://sfbay.craigslist.org/nby/apa/d/gated-home-on-acreage-with/6569179598.html,(napa county),$4500
258,Get it before its gone. Upstairs 1x1 $1700.00,https://sfbay.craigslist.org/nby/apa/d/get-it-before-its-gone/6563097062.html,(rohnert pk / cotati),$1700
259,1x1 Available Now. Roomy!,https://sfbay.craigslist.org/nby/apa/d/1x1-available-now-roomy/6560518185.html,(tiburon / belvedere),$3310
260,Newly Remodeled Novato Home,https://sfbay.craigslist.org/nby/apa/d/newly-remodeled-novato-home/6566993519.html,(novato),$3450
261,Cozy and Bright Hillside Cottage - PRANDI,https://sfbay.craigslist.org/nby/apa/d/cozy-and-bright-hillside/6564711761.html,(mill valley),$2500
262,Spacious 2 Bedroom on the Ground Floor that is Waiting for YOU!,https://sfbay.craigslist.org/nby/apa/d/spacious-2-bedroom-on-the/6559218501.html,,$2395
263,LUCERNE-UPSTAIRS 2 BEDROOM/1BATH APT.-LAKE VIEWS-NO PETS,https://sfbay.craigslist.org/nby/apa/d/lucerne-upstairs-2-bedroom/6561259352.html,(lake county),$850
264,"Spacious 1 and 2 Bedroom Apts, Upgraded & Newly Renovated Units",https://sfbay.craigslist.org/nby/apa/d/spacious-1-and-2-bedroom-apts/6569176227.html,(santa rosa),$1825
265,Let us be your calm!,https://sfbay.craigslist.org/nby/apa/d/let-us-be-your-calm/6569171225.html,(rohnert pk / cotati),$2200
266,"Crown Molding, High Speed Cable and Internet Ready, Washer/Dryer",https://sfbay.craigslist.org/nby/apa/d/crown-molding-high-speed/6567037625.html,(santa rosa),$2210
267,GORGEOUS updated top floor unit with water views!!!,https://sfbay.craigslist.org/nby/apa/d/gorgeous-updated-top-floor/6569168723.html,(tiburon / belvedere),$2800
268,"Inviting Clubhouse, Public Parks Nearby, Private Patio/Balcony",https://sfbay.craigslist.org/nby/apa/d/inviting-clubhouse-public/6565127835.html,,$2495
269,"Spacious Walk-In Closet, Sparkling Swimming Pool, Scenic View",https://sfbay.craigslist.org/nby/apa/d/spacious-walk-in-closet/6569165668.html,(novato),$2210
270,Newly Updated Unit in Tiburon,https://sfbay.craigslist.org/nby/apa/d/newly-updated-unit-in-tiburon/6569164598.html,(tiburon / belvedere),$2625
271,JC - Ridgway Hist. Dist. - Large 1Br.,https://sfbay.craigslist.org/nby/apa/d/jc-ridgway-hist-dist-large-1br/6569164382.html,(santa rosa),$1650
272,"☆ The Vineyard Luxury Apartments in Petaluma, Fireplaces, Tennis court",https://sfbay.craigslist.org/nby/apa/d/the-vineyard-luxury/6566885349.html,,$2020
273,Top level studio+ available in lush garden setting,https://sfbay.craigslist.org/nby/apa/d/top-level-studio-available-in/6569158593.html,(mill valley),$1800
274,Vineyard Meadows 2 Bedroom Apartment with 2.5 Bathroom,https://sfbay.craigslist.org/nby/apa/d/vineyard-meadows-2-bedroom/6560440758.html,(sonoma),$1795
275,Gorgeous and Modern 3x2.5 Home In Napa! Ready For Move In!,https://sfbay.craigslist.org/nby/apa/d/gorgeous-and-modern-3x25-home/6569153071.html,(napa county),$2950
276,2BD Central Napa with Large Yard,https://sfbay.craigslist.org/nby/apa/d/2bd-central-napa-with-large/6562659545.html,(napa county),$1950
277,"One Bedroom, One Bath Apartment Near Downtown Napa",https://sfbay.craigslist.org/nby/apa/d/one-bedroom-one-bath/6556630806.html,(napa county),$1550
278,2 Bedroom Unit Near Downtown Napa,https://sfbay.craigslist.org/nby/apa/d/2-bedroom-unit-near-downtown/6553037090.html,(napa county),$1590
279,Two Bedroom One Bathroom Apartment in St. Helena,https://sfbay.craigslist.org/nby/apa/d/two-bedroom-one-bathroom/6545548365.html,(napa county),$2400
280,Beautiful Lake Views with this Napa Home,https://sfbay.craigslist.org/nby/apa/d/beautiful-lake-views-with/6546280241.html,(napa county),$2200
281,"One Bedroom Victorian, Downtown Napa",https://sfbay.craigslist.org/nby/apa/d/one-bedroom-victorian/6553936314.html,(napa county),$1800
282,"Open and Bright 1 bedroom, 1 bath in Napa",https://sfbay.craigslist.org/nby/apa/d/open-and-bright-1-bedroom-1/6554007762.html,(napa county),$2300
283,"3 Bedrooms, 2.5 Bathrooms Popular North Napa Rancho Las Flores Area",https://sfbay.craigslist.org/nby/apa/d/3-bedrooms-25-bathrooms/6565594256.html,(napa county),$3300
284,"Ground Floor, Single Level, 2 Bedroom, 1 Bath Apartment in Napa",https://sfbay.craigslist.org/nby/apa/d/ground-floor-single-level-2/6563645860.html,(napa county),$1600
285,292-B Watertrough Road,https://sfbay.craigslist.org/nby/apa/d/292-watertrough-road/6558094847.html,(sebastopol),$1650
286,"Location, Location, Location",https://sfbay.craigslist.org/nby/apa/d/location-location-location/6569141466.html,(mill valley),$8000
287,LOVELY LAKEFRONT HOME *Huge Deck *Pier *Boat Lift  *Clearlake Park,https://sfbay.craigslist.org/nby/apa/d/lovely-lakefront-home-huge/6566603866.html,(lake county),$2000
288,Townhouse in the Heart of Sonoma,https://sfbay.craigslist.org/nby/apa/d/townhouse-in-the-heart-of/6569138132.html,(sonoma),$2800
289,"Breathtaking Bay Views, Wraparound Deck, Covered Parking & Storage",https://sfbay.craigslist.org/nby/apa/d/breathtaking-bay-views/6552150666.html,(sausalito),$2400
290,Lovely Victorian Executive Home For Rent in Cloverdale,https://sfbay.craigslist.org/nby/apa/d/lovely-victorian-executive/6569135717.html,(healdsburg / windsor),$2600
291,"Situated on lushly landscaped grounds, Majestic views",https://sfbay.craigslist.org/nby/apa/d/situated-on-lushly-landscaped/6569135287.html,(san anselmo),$2105
292,Townhouse for Rent- Windsor,https://sfbay.craigslist.org/nby/apa/d/townhouse-for-rent-windsor/6552718708.html,(healdsburg / windsor),$3000
293,"1 Bedroom, W/ Garage, Beautiful Community! Call To Lease!",https://sfbay.craigslist.org/nby/apa/d/1-bedroom-garage-beautiful/6569129666.html,(napa county),$2116
294,"View Home, Country Club San Rafael-Furnished-Short term - FOUNDATION-",https://sfbay.craigslist.org/nby/apa/d/view-home-country-club-san/6545893217.html,(san rafael),$3895
295,"Lovely, Upgraded, Kentfield, 2bd/2ba lower duplex - yard - FOUNDATION",https://sfbay.craigslist.org/nby/apa/d/lovely-upgraded-kentfield-2bd/6562531798.html,(kentfield / ross),$3650
296,"Bright, Walk-to-Town 2bd/1/5ba Tiburon Townhome - FOUNDATION",https://sfbay.craigslist.org/nby/apa/d/bright-walk-to-town-2bd-1-5ba/6550045629.html,(tiburon / belvedere),$3500
297,Charming 1bd/1ba Cottage - Desirable Strawberry Location - FOUNDATION,https://sfbay.craigslist.org/nby/apa/d/charming-1bd-1ba-cottage/6546278167.html,(mill valley),$2300
298,Sausalito- 4bd/2ba Home- Harbor/Bay Views - Hot Tub- FOUNDATION,https://sfbay.craigslist.org/nby/apa/d/sausalito-4bd-2ba-home-harbor/6554447895.html,(sausalito),$6250
299,Flex Lease- Elegantly Furnished 4bd/3ba Home San Rafael - FOUNDATION,https://sfbay.craigslist.org/nby/apa/d/flex-lease-elegantly/6554444592.html,(san rafael),$12000
300,"Lake Views, Light Filled Spacious Studio Apartment",https://sfbay.craigslist.org/nby/apa/d/lake-views-light-filled/6556268853.html,(lake county),$765
301,Penngrove Village RV Space Available for Approx 30' Length,https://sfbay.craigslist.org/nby/apa/d/penngrove-village-rv-space/6559443716.html,(rohnert pk / cotati),$735
302,great area....very clean and fresh...exceptional outdoor area,https://sfbay.craigslist.org/nby/apa/d/great-areavery-clean-and/6569116780.html,(petaluma),$3200
303,Free Wi-Fi Garden Apt Granite Hardwood Floors Walk 2 Safeway School c,https://sfbay.craigslist.org/nby/apa/d/free-wi-fi-garden-apt-granite/6569113964.html,(santa rosa),$1485
304,Free Wi-Fi Garden Apt Granite Hardwood Floors Walk 2 Safeway School 8,https://sfbay.craigslist.org/nby/apa/d/free-wi-fi-garden-apt-granite/6569113309.html,(santa rosa),$1812
305,One bedroom w/washer and dryer in unit Village Green 1 Senior Apts.,https://sfbay.craigslist.org/nby/apa/d/one-bedroom-washer-and-dryer/6562646172.html,(sonoma),$1850
306,Beautiful Open-format Executive Studio for Rent In Cloverdale CA,https://sfbay.craigslist.org/nby/apa/d/beautiful-open-format/6566849115.html,(healdsburg / windsor),$1300
307,151 East Agua Caliente Road,https://sfbay.craigslist.org/nby/apa/d/151-east-agua-caliente-road/6560495675.html,(sonoma),$2750
308,8690 Nina Court,https://sfbay.craigslist.org/nby/apa/d/8690-nina-court/6564635630.html,(rohnert pk / cotati),$2900
309,"8 Hawthorne Court, Unit A",https://sfbay.craigslist.org/nby/apa/d/8-hawthorne-court-unit/6563801898.html,(petaluma),$2500
310,4553 Hill View Court,https://sfbay.craigslist.org/nby/apa/d/4553-hill-view-court/6557227477.html,(rohnert pk / cotati),$2800
311,415 Enterprise Drive,https://sfbay.craigslist.org/nby/apa/d/415-enterprise-drive/6557409654.html,(rohnert pk / cotati),$1875
312,1028 County Club Drive,https://sfbay.craigslist.org/nby/apa/d/1028-county-club-drive/6553598730.html,(petaluma),$3500
313,1058 Conifer Lane,https://sfbay.craigslist.org/nby/apa/d/1058-conifer-lane/6546390911.html,(petaluma),$2500
314,8032 Carlsisle Way,https://sfbay.craigslist.org/nby/apa/d/8032-carlsisle-way/6547301646.html,(Vallejo),$3000
315,733 Paula Lane,https://sfbay.craigslist.org/nby/apa/d/733-paula-lane/6550111121.html,(petaluma),$1995
316,Pepper Road,https://sfbay.craigslist.org/nby/apa/d/pepper-road/6556268275.html,(petaluma),$2500
317,17387 Hillcrest Avenue,https://sfbay.craigslist.org/nby/apa/d/17387-hillcrest-avenue/6558503472.html,(sonoma),$1700
318,-2 Bedroom 2 Bath Tiburon,https://sfbay.craigslist.org/nby/apa/d/2-bedroom-2-bath-tiburon/6562596399.html,(tiburon / belvedere),$2800
319,GATED ESTATE PRIVATE QUIET MILLION DOLLAR VIEWS,https://sfbay.craigslist.org/nby/apa/d/gated-estate-private-quiet/6563567277.html,(Lake County),$2200
320,Take advantage of our special discounted rate,https://sfbay.craigslist.org/nby/apa/d/take-advantage-of-our-special/6569075176.html,(san rafael),$2959
321,Rent or Buy - Nice Single family home in quiet cul-de-sac SE S.Rosa,https://sfbay.craigslist.org/nby/apa/d/rent-or-buy-nice-single/6569081234.html,(santa rosa),$3150
322,Quaint and cozy lower in a duplex,https://sfbay.craigslist.org/nby/apa/d/quaint-and-cozy-lower-in/6569081197.html,(fairfax),$1800
323,Vintage 3 Bedroom Home in Healdsburg,https://sfbay.craigslist.org/nby/apa/d/vintage-3-bedroom-home-in/6569064305.html,(healdsburg / windsor),$2700
324,THE BEST LOCATION WITH SWEEPING VIEWS,https://sfbay.craigslist.org/nby/apa/d/the-best-location-with/6561105092.html,(tiburon / belvedere),$7500
325,$2150 Beautiful Remodeled Townhome -  IMMEDIATE MOVE-IN,https://sfbay.craigslist.org/nby/apa/d/2150-beautiful-remodeled/6564249630.html,(santa rosa),$2150
326,VERY SPACIOUS 2 bedroom apartment/hardwd flrs/deck/yard/washer/dryer/g,https://sfbay.craigslist.org/nby/apa/d/very-spacious-2-bedroom/6567113749.html,(san rafael),$3195
327,Remodeled San Marin Duet - 3 Bedroom with 2 car garage,https://sfbay.craigslist.org/nby/apa/d/remodeled-san-marin-duet-3/6569048631.html,(novato),$3500
328,"Beautiful Apartments in Petaluma, Fireplaces, Walk-in closets.",https://sfbay.craigslist.org/nby/apa/d/beautiful-apartments-in/6564645775.html,,$2020
329,Central San Rafael 2 Bedroom Apartment,https://sfbay.craigslist.org/nby/apa/d/central-san-rafael-2-bedroom/6569044786.html,(san rafael),$2100
330,Farmland only,https://sfbay.craigslist.org/nby/apa/d/farmland-only/6569027419.html,(healdsburg / windsor),$500
331,Recently Remodeled 2 BR Apt w/Private Balcony at Town Center,https://sfbay.craigslist.org/nby/apa/d/recently-remodeled-2-br-apt/6557474566.html,(corte madera),$2450
332,New 2 Bedroom Suite w/ Pool on-site,https://sfbay.craigslist.org/nby/apa/d/new-2-bedroom-suite-pool-on/6557494368.html,(mill valley),$2850
333,Close to all..Kaiser/Autodesk and more...,https://sfbay.craigslist.org/nby/apa/d/close-to-allkaiser-autodesk/6562774952.html,(san rafael),$2450
334,Close to all,https://sfbay.craigslist.org/nby/apa/d/close-to-all/6569033184.html,(san rafael),$2450
335,"Location, Location",https://sfbay.craigslist.org/nby/apa/d/location-location/6569032471.html,(San Rafael),$2450
336,"5 riverfront acres, motorhome use.  for farming, goats,chickens etc",https://sfbay.craigslist.org/nby/apa/d/5-riverfront-acres-motorhome/6554177686.html,(russian river),$1000
337,"Community BBQ, Designer Interior Features, Washer/Dryer",https://sfbay.craigslist.org/nby/apa/d/community-bbq-designer/6559247444.html,(novato),$2850
338,"House for Rent 3 Bedroom 2 Bath Lucerne, ca $1250",https://sfbay.craigslist.org/nby/apa/d/house-for-rent-3-bedroom-2/6568995717.html,(lake county),$1250
339,Studio in a Beautiful Colonial Style Converted Home,https://sfbay.craigslist.org/nby/apa/d/studio-in-beautiful-colonial/6566746936.html,(san rafael),$1500
340,5 Bedroom 3 bathroom house in city of Clearlake,https://sfbay.craigslist.org/nby/apa/d/5-bedroom-3-bathroom-house-in/6551166192.html,(lake county),$2200
341,2 bed 1bath Duplex in Clearlake,https://sfbay.craigslist.org/nby/apa/d/2-bed-1bath-duplex-in/6558744902.html,(lake county),$1150
342,"♥ Spacious apartments in Petaluma, Business center, Laundry Facilities",https://sfbay.craigslist.org/nby/apa/d/spacious-apartments-in/6564047403.html,,$2470
343,Custom Everything,https://sfbay.craigslist.org/nby/apa/d/custom-everything/6568961863.html,(rohnert pk / cotati),$2285
344,Rental for a Nature/Architecture Lover,https://sfbay.craigslist.org/nby/apa/d/rental-for-nature/6568957335.html,(mill valley),$11000
345,Furnished Studio - Great Monthly Rates!,https://sfbay.craigslist.org/nby/apa/d/furnished-studio-great/6568931413.html,(san rafael),$2959
346,"♥ Apartments In the heart of Petaluma, Fireplaces, Club House",https://sfbay.craigslist.org/nby/apa/d/apartments-in-the-heart-of/6566920843.html,,$2429
347,"Scenic View, Faux Wood Flooring, Dishwasher",https://sfbay.craigslist.org/nby/apa/d/scenic-view-faux-wood/6559321569.html,(novato),$2800
348,"Central Heat and Air Conditioning, Granite Countertops, Carpeting",https://sfbay.craigslist.org/nby/apa/d/central-heat-and-air/6559529733.html,(novato),$2650
349,"❄ Petaluma apartment for rent, Club House, Spacious Patio or Balcony",https://sfbay.craigslist.org/nby/apa/d/petaluma-apartment-for-rent/6566995775.html,,$2429
350,"❄ Beautiful Petaluma apartments, Dog Park & Washing Center, Fire pit",https://sfbay.craigslist.org/nby/apa/d/beautiful-petaluma-apartments/6564091767.html,,$2020
351,"Community BBQ, Modern Mirrored Wardrobe Doors, Crown Molding",https://sfbay.craigslist.org/nby/apa/d/community-bbq-modern-mirrored/6559578578.html,(novato),$2570
352,Updated One Bedroom in Tiburon,https://sfbay.craigslist.org/nby/apa/d/updated-one-bedroom-in-tiburon/6568876744.html,(tiburon / belvedere),$2625
353,Top floor 1BR with Panoramic Views,https://sfbay.craigslist.org/nby/apa/d/top-floor-1br-with-panoramic/6568875504.html,(tiburon / belvedere),$2800
354,Upper level studio+ available in lush garden setting,https://sfbay.craigslist.org/nby/apa/d/upper-level-studio-available/6568874760.html,(mill valley),$1800
355,"♥ Apartments in Petaluma, Basketball Court, Club House",https://sfbay.craigslist.org/nby/apa/d/apartments-in-petaluma/6564156070.html,,$2494
356,"Available Now, Spacious 4Bed/3Bath House for Rent on Fabulous St",https://sfbay.craigslist.org/nby/apa/d/available-now-spacious-4bed/6568872155.html,(Sonoma),$4295
357,"Available NOW, Spacious 4Bed/3Bath House for Rent, Call",https://sfbay.craigslist.org/nby/apa/d/available-now-spacious-4bed/6568871903.html,(Sonoma),$4295
358,Great Remodeled 4 Bed/3 Bath House for Rent Available NOW,https://sfbay.craigslist.org/nby/apa/d/great-remodeled-4-bed-3-bath/6568871626.html,(Sonoma),$4295
359,"Sweet & Unique 2 Bedroom Sonoma House for Rent, Available Now",https://sfbay.craigslist.org/nby/apa/d/sweet-unique-2-bedroom-sonoma/6568870974.html,(Sonoma),$2795
360,UPDATED APARTMENT IN A SMALL COMPLEX - PETS NEGOTIABLE,https://sfbay.craigslist.org/nby/apa/d/updated-apartment-in-small/6567128237.html,(san rafael),$2650
361,GORGEOUS HOME WITH AMAZING VIEWS - INCLUDES IN-LAW UNIT,https://sfbay.craigslist.org/nby/apa/d/gorgeous-home-with-amazing/6562803609.html,(mill valley),$8000
362,Comfortable 3bd/2ba house in West Santa Rosa,https://sfbay.craigslist.org/nby/apa/d/comfortable-3bd-2ba-house-in/6568863470.html,(santa rosa),$2450
363,"3 BED/2.5 BATH newer house in NW Santa Rosa, Ideal Family house",https://sfbay.craigslist.org/nby/apa/d/3-bed-25-bath-newer-house-in/6568862616.html,(santa rosa),$2695
364,"Washer/Dryer, Cathedral Ceilings, Spacious Walk-In Closet",https://sfbay.craigslist.org/nby/apa/d/washer-dryer-cathedral/6555670848.html,(novato),$2885
365,"☀ Petaluma apartment for rent, Warm Firepit, Spa",https://sfbay.craigslist.org/nby/apa/d/petaluma-apartment-for-rent/6564645311.html,,$2494
366,Why Live in an Apartment??? HOUSE With LRG Bonus Room/Fenced Backyard,https://sfbay.craigslist.org/nby/apa/d/why-live-in-an-apartment/6559633277.html,(san rafael),$3600
367,Contractor needed house remodel exchange low rent,https://sfbay.craigslist.org/nby/apa/d/contractor-needed-house/6557850263.html,(russian river),$750
368,1 Bedroom in Penngrove. Includes Utilities,https://sfbay.craigslist.org/nby/apa/d/1-bedroom-in-penngrove/6565037659.html,(petaluma),$1370
369,"❄ Apartment Available in Petaluma, Spacious Patio or Balcony, Fire pit",https://sfbay.craigslist.org/nby/apa/d/apartment-available-in/6567001705.html,,$2020
370,House for Rent,https://sfbay.craigslist.org/nby/apa/d/house-for-rent/6556210990.html,(lake county),$1300
371,Newly Remodeled Spacious One Bedroom In-Law Fully Furnished For Rent,https://sfbay.craigslist.org/nby/apa/d/newly-remodeled-spacious-one/6568843148.html,(petaluma),$2700
372,Sausalito 4 bedroom home w/ VIEWS - furnished or unfurnished,https://sfbay.craigslist.org/nby/apa/d/sausalito-4-bedroom-home/6568842749.html,(sausalito),$9500
373,Perfect Location For This Sweet Townhome! Ready NOW!,https://sfbay.craigslist.org/nby/apa/d/perfect-location-for-this/6555839983.html,(petaluma),$2399
374,We've Got A VERY Special 1x1 Available Soon!,https://sfbay.craigslist.org/nby/apa/d/weve-got-very-special-1x1/6555838183.html,(petaluma),$1999
375,Step Into A Spacious 2x1 With Picturesque Hillsides!,https://sfbay.craigslist.org/nby/apa/d/step-into-spacious-2x1-with/6555838871.html,(novato),$2649
376,With An Easy Commute And Gorgeous Surrounding Hillsides.....,https://sfbay.craigslist.org/nby/apa/d/with-an-easy-commute-and/6543757797.html,(novato),$2649
377,House for rent/work exchange,https://sfbay.craigslist.org/nby/apa/d/house-for-rent-work-exchange/6568839641.html,(fairfax),$2500
378,GORGEOUS SINGLE LEVEL HOME,https://sfbay.craigslist.org/nby/apa/d/gorgeous-single-level-home/6566236230.html,(novato),$3800
379,Fantastic Townhouse      EZ Commute,https://sfbay.craigslist.org/nby/apa/d/fantastic-townhouse-ez-commute/6568834063.html,(mill valley),$3600
380,Luxury Penthouse Condo with Fabulous Views - 3BR/2BA,https://sfbay.craigslist.org/nby/apa/d/luxury-penthouse-condo-with/6559675682.html,(tiburon / belvedere),$4900
381,Room for Rent in Santa Rosa near JC ($781),https://sfbay.craigslist.org/nby/apa/d/room-for-rent-in-santa-rosa/6568831055.html,(santa rosa),$781
382,PRIVATE ONE BEDROOM DUPLEX WITH ATTACHED GARAGE.,https://sfbay.craigslist.org/nby/apa/d/private-one-bedroom-duplex/6568827365.html,(santa rosa),$1500
383,Spring into this 3 BR / 3 BA home,https://sfbay.craigslist.org/nby/apa/d/spring-into-this-3-br-3-ba/6568826546.html,(santa rosa),$2475
384,Napa Family Home in Oak Knoll District,https://sfbay.craigslist.org/nby/apa/d/napa-family-home-in-oak-knoll/6544676268.html,(napa county),$30000
385,"֍ Spacious apartments in Petaluma, On-site Maintenance, Soccer Court",https://sfbay.craigslist.org/nby/apa/d/spacious-apartments-in/6567012189.html,,$2429
386,"Stainless Steel Appliances, Washer/Dryer, Crown Molding",https://sfbay.craigslist.org/nby/apa/d/stainless-steel-appliances/6563214681.html,(novato),$2850
387,2br / 1ba - Apartment - 2425 Corby Avenue #7,https://sfbay.craigslist.org/nby/apa/d/2br-1ba-apartment-2425-corby/6562378066.html,(santa rosa),$1500
388,2br / 1ba - Apartment - 6401 Montecito Blvd. #28,https://sfbay.craigslist.org/nby/apa/d/2br-1ba-apartment-6401/6556450004.html,(santa rosa),$1550
389,3br / 2ba + Office - House - 487 Country Club Drive,https://sfbay.craigslist.org/nby/apa/d/3br-2ba-office-house-487/6558696861.html,(santa rosa),$4000
390,2br / 1ba - Fourplex - 732 Beaver Street #B,https://sfbay.craigslist.org/nby/apa/d/2br-1ba-fourplex-732-beaver/6560434993.html,(santa rosa),$1600
391,3br / 2ba - House + Stables + Pasture - 528 Irwin Lane,https://sfbay.craigslist.org/nby/apa/d/3br-2ba-house-stables-pasture/6554010108.html,(santa rosa),$3500
392,3br / 2.5ba - House - 1129 Hailey Court,https://sfbay.craigslist.org/nby/apa/d/3br-25ba-house-1129-hailey/6558194063.html,(rohnert pk / cotati),$2750
393,1br / 1ba - Apartment - 7940 Bodega Avenue #23,https://sfbay.craigslist.org/nby/apa/d/1br-1ba-apartment-7940-bodega/6560426628.html,(sebastopol),$1400
394,2br / 1ba - Fourplex - 222 Arlen Drive,https://sfbay.craigslist.org/nby/apa/d/2br-1ba-fourplex-222-arlen/6559239903.html,(rohnert pk / cotati),$1650
395,$1795 / 1BD/1BA - Pool - Laundry - Storage - Parking,https://sfbay.craigslist.org/nby/apa/d/1795-1bd-1ba-pool-laundry/6562340475.html,(san rafael),$1795
396,Sausalito Studio apartment,https://sfbay.craigslist.org/nby/apa/d/sausalito-studio-apartment/6568814228.html,(sausalito),$1520
397,Alta Heights Apt.  Napa,https://sfbay.craigslist.org/nby/apa/d/alta-heights-apt-napa/6568812757.html,(napa county),$1725
398,Studio available in lush garden setting,https://sfbay.craigslist.org/nby/apa/d/studio-available-in-lush/6568805836.html,(mill valley),$1800
399,"Furnished price 2 blocks from the JC - Cute 3 bedroom, 2bath home",https://sfbay.craigslist.org/nby/apa/d/furnished-price-2-blocks-from/6568805244.html,(santa rosa),$4200
400,"3060 Lake County Hwy, Calistoga",https://sfbay.craigslist.org/nby/apa/d/3060-lake-county-hwy-calistoga/6564448986.html,(napa county),$3150
401,Recently Renovated Large 1BR Apt For Rent in San Anselmo!,https://sfbay.craigslist.org/nby/apa/d/recently-renovated-large-1br/6568803793.html,(san anselmo),$2200
402,"2046 S Terrace Dr, Napa",https://sfbay.craigslist.org/nby/apa/d/2046-terrace-dr-napa/6562736072.html,(napa county),$3500
403,"Furnished 3 Bed, 2 Bath Remodeled Home in Quite Country Neighborhood!",https://sfbay.craigslist.org/nby/apa/d/furnished-3-bed-2-bath/6561071386.html,(Glen Ellen),$3495
404,Quintessential Mill Valley ~ Walking Distance to The Heart of Town,https://sfbay.craigslist.org/nby/apa/d/quintessential-mill-valley/6557805532.html,(mill valley),$2400
405,Beautiful 1BR available with water views!!,https://sfbay.craigslist.org/nby/apa/d/beautiful-1br-available-with/6568788548.html,(tiburon / belvedere),$2800
406,"► Spacious apartments in Petaluma, Warm Firepit, Fitness Facility",https://sfbay.craigslist.org/nby/apa/d/spacious-apartments-in/6567045259.html,,$2020
407,Apartment for rent.,https://sfbay.craigslist.org/nby/apa/d/apartment-for-rent/6568789634.html,(fairfax),$2300
408,**2 BR/2BA Spacious Apartment in Rohnert Park.   Close to SSU!,https://sfbay.craigslist.org/nby/apa/d/2-br-2ba-spacious-apartment/6568777429.html,(rohnert pk / cotati),$1900
409,Beautiful Duplex/Private/Spacious Back Yard,https://sfbay.craigslist.org/nby/apa/d/beautiful-duplex-private/6568765673.html,(petaluma),$2800
410,"Washer/Dryer, Carpeting, Designer Interior Features",https://sfbay.craigslist.org/nby/apa/d/washer-dryer-carpeting/6563128755.html,(novato),$2800
411,"֍ Apartment Available in Petaluma, Play Area, Oversized Closets",https://sfbay.craigslist.org/nby/apa/d/apartment-available-in/6567045234.html,,$2334
412,4 Bedroom Home in G Section Available May 5th or sooner.....,https://sfbay.craigslist.org/nby/apa/d/4-bedroom-home-in-section/6568748160.html,(rohnert pk / cotati),$2700
413,Beautiful 3 Bedroom Home in Sonoma,https://sfbay.craigslist.org/nby/apa/d/beautiful-3-bedroom-home-in/6558227476.html,(sonoma),$3000
414,Santa Rosa Townhouse- Casa Del Sol,https://sfbay.craigslist.org/nby/apa/d/santa-rosa-townhouse-casa-del/6568743778.html,(santa rosa),$2150
415,"**2 bedroom upstairs apartment, 55 years old and older**",https://sfbay.craigslist.org/nby/apa/d/2-bedroom-upstairs-apartment/6568743389.html,(santa rosa),$1775
416,Stunning and Unique...2 Bed/1.5 Bath Townhome with Garage,https://sfbay.craigslist.org/nby/apa/d/stunning-and-unique2-bed-15/6564307242.html,(santa rosa),$2600
417,Full Kitchen IN-LAW Unit on Ground Floor with Seperated Entrance,https://sfbay.craigslist.org/nby/apa/d/full-kitchen-in-law-unit-on/6568739722.html,(sausalito),$2000
418,"High Ceilings, Pool Side Community BBQ, Inviting Clubhouse",https://sfbay.craigslist.org/nby/apa/d/high-ceilings-pool-side/6568734125.html,,$2375
419,"Central Heat and Air Conditioning, Large Walk In Closets, Garage",https://sfbay.craigslist.org/nby/apa/d/central-heat-and-air/6568733433.html,,$2020
420,"Granite Countertops, Modern Mirrored Wardrobe Doors, Community BBQ",https://sfbay.craigslist.org/nby/apa/d/granite-countertops-modern/6568729814.html,(novato),$2210
421,Sleepy Hollow - San Anselmo - Private Beautiful Home,https://sfbay.craigslist.org/nby/apa/d/sleepy-hollow-san-anselmo/6562680778.html,(san anselmo),$4600
422,**Amazing Modern Sausalito View House for rent - 3BR/3.5BA,https://sfbay.craigslist.org/nby/apa/d/amazing-modern-sausalito-view/6566243312.html,(sausalito),$19500
423,"1 Month Free! Corner Apartment, Pool, BBQ!!! ~ Live at TAM RIDGE",https://sfbay.craigslist.org/nby/apa/d/1-month-free-corner-apartment/6568721521.html,(corte madera),$3900
424,"♥ Petaluma Apartment Living, Spacious Patio or Balcony, Club House",https://sfbay.craigslist.org/nby/apa/d/petaluma-apartment-living/6564645941.html,,$2334
425,"Media Room, Public Transportation, Sparkling Swimming Pool",https://sfbay.craigslist.org/nby/apa/d/media-room-public/6566924305.html,,$2070
426,"VERY CUTE 3 BEDROOM, 2 BATH HOUSE, WITH LARGE PRIVATE FENCED YARD",https://sfbay.craigslist.org/nby/apa/d/very-cute-3-bedroom-2-bath/6568714781.html,(sonoma),$3000
427,"Scenic View, Dishwasher, 24 Hour Emergency Call Center",https://sfbay.craigslist.org/nby/apa/d/scenic-view-dishwasher-24/6568713650.html,(novato),$3020
428,Immaculate and Beautiful Home in Sunny Woodacre,https://sfbay.craigslist.org/nby/apa/d/immaculate-and-beautiful-home/6563939896.html,(west marin),$4250
429,Darling 2 Bedroom 1 Bathroom Duplex Cottage in Sunny Mill Valley,https://sfbay.craigslist.org/nby/apa/d/darling-2-bedroom-1-bathroom/6558478987.html,(mill valley),$3350
430,"NewlyRemodeled Home on Sunny Corner Lot, BOSCH APLS, WLK to SCHL, Park",https://sfbay.craigslist.org/nby/apa/d/newlyremodeled-home-on-sunny/6541303761.html,(novato),$3785
431,"Remodeled Home, Bosch APLS on Sunny Corner Lot WLK to SCH, Park, Shops",https://sfbay.craigslist.org/nby/apa/d/remodeled-home-bosch-apls-on/6554981871.html,(novato),$3785
432,"Fully Equipped Fitness Center, Spa, Covered Parking",https://sfbay.craigslist.org/nby/apa/d/fully-equipped-fitness-center/6568707282.html,(santa rosa),$2105
433,"MI-P6D, Santa Rosa 2 Bdrm Apartment, Upstairs Unit, Move In 4/30/2018",https://sfbay.craigslist.org/nby/apa/d/mi-p6d-santa-rosa-2-bdrm/6568706929.html,(santa rosa),$2099
434,"MI-P0B, Upstairs Unit, Santa Rosa, 1 bedroom-1 bath, Move In 4/27/18",https://sfbay.craigslist.org/nby/apa/d/mi-p0b-upstairs-unit-santa/6568704341.html,(santa rosa),$1599
435,"Private Patio or Balcony, Community Tot Lot, Firepit and MORE!",https://sfbay.craigslist.org/nby/apa/d/private-patio-or-balcony/6559276968.html,,$2090
436,Desirable Westside Petaluma,https://sfbay.craigslist.org/nby/apa/d/desirable-westside-petaluma/6552694016.html,(petaluma),$3200
437,Plan Ahead-Available August 1st five bedroom +den and 3 bath,https://sfbay.craigslist.org/nby/apa/d/plan-ahead-available-august/6568692015.html,(rohnert pk / cotati),$3700
438,Beautiful Two Story Home with Upstairs Partial Ridge & Ocean Views!,https://sfbay.craigslist.org/nby/apa/d/beautiful-two-story-home-with/6568691718.html,(west marin),$4500
439,Premier Mill Valley Property for Lease,https://sfbay.craigslist.org/nby/apa/d/premier-mill-valley-property/6568689510.html,(mill valley),$9000
440,Desired Southgate neighborhood of Hamilton - 114 Emerson Ave,https://sfbay.craigslist.org/nby/apa/d/desired-southgate/6568687805.html,(novato),$4500
441,DESIGNER INSPIRED FLOOR PLANS WITH LUSH GARDEN VIEWS,https://sfbay.craigslist.org/nby/apa/d/designer-inspired-floor-plans/6568685048.html,(corte madera),$3170
442,"Newly Renovated Apartment Homes, Dishwasher, Carpeting",https://sfbay.craigslist.org/nby/apa/d/newly-renovated-apartment/6568684082.html,(novato),$2205
443,SPECTACULAR BAY VIEWS,https://sfbay.craigslist.org/nby/apa/d/spectacular-bay-views/6568682489.html,(corte madera),$2867
444,"Granite Countertops, Fully Equipped Fitness Center, Tile Backsplash",https://sfbay.craigslist.org/nby/apa/d/granite-countertops-fully/6566960182.html,(novato),$2205
445,Darling 1/1 Condo in West Petaluma - 116 Acorn Drive,https://sfbay.craigslist.org/nby/apa/d/darling-1-1-condo-in-west/6568681219.html,(petaluma),$1840
446,100-year old farmhouse granny-type 3-room unit--small but charming,https://sfbay.craigslist.org/nby/apa/d/100-year-old-farmhouse-granny/6568677108.html,(sebastopol),$1650
447,Beautiful Home Located in McNear Landing - 1013 Addison Circle,https://sfbay.craigslist.org/nby/apa/d/beautiful-home-located-in/6568676318.html,(petaluma),$2500
448,"Modern Mirrored Wardrobe Doors, Granite Countertops, Carpeting",https://sfbay.craigslist.org/nby/apa/d/modern-mirrored-wardrobe/6568675461.html,(novato),$3020
449,"Newly Renovated Apartment Homes, Online Resident Services, Dishwasher",https://sfbay.craigslist.org/nby/apa/d/newly-renovated-apartment/6568675326.html,(novato),$2210
450,"☀ Petaluma Apartment Living, Warm Firepit, 4 Refreshing Pools",https://sfbay.craigslist.org/nby/apa/d/petaluma-apartment-living/6566952934.html,,$2429
451,2BR/1BA with private yard,https://sfbay.craigslist.org/nby/apa/d/2br-1ba-with-private-yard/6568673439.html,(mill valley),$2850
452,"Modern Tile Backsplash, Designer Interior Features, Faux Wood Flooring",https://sfbay.craigslist.org/nby/apa/d/modern-tile-backsplash/6566975984.html,,$2495
453,Calistoga Country Vineyard Estate 7.5 acres Exceptional Ranch Home,https://sfbay.craigslist.org/nby/apa/d/calistoga-country-vineyard/6565698056.html,(napa county),$11500
454,"Updated 2BR/1BA, ground level entrance, dedicated off-street parking",https://sfbay.craigslist.org/nby/apa/d/updated-2br-1ba-ground-level/6562288354.html,(mill valley),$2550
455,Amazing Price On This Spacious Two-Bedroom Unit!$99 Deposit,https://sfbay.craigslist.org/nby/apa/d/amazing-price-on-this/6568663201.html,(napa county),$2485
456,"Shimmering Pool and Spa, Barbecue Areas Throughout, Pet Friendly",https://sfbay.craigslist.org/nby/apa/d/shimmering-pool-and-spa/6568661219.html,(santa rosa),$2449
457,Trailer for rent,https://sfbay.craigslist.org/nby/apa/d/trailer-for-rent/6568660533.html,(petaluma),$1500
458,Nice 3/2 Westridge Home - 115 Westridge Drive,https://sfbay.craigslist.org/nby/apa/d/nice-3-2-westridge-home-115/6568654234.html,(petaluma),$3000
459,"Enjoy Space, Flexibility, & Beauty at Home!",https://sfbay.craigslist.org/nby/apa/d/enjoy-space-flexibility/6568651925.html,(petaluma),$2386
460,**Rarely Available Nice Sunny Unit in Duplex with 2 Nice Full Baths!**,https://sfbay.craigslist.org/nby/apa/d/rarely-available-nice-sunny/6566861260.html,(corte madera),$3075
461,"""1BD/1BTH Special $500 off 1st Month Rent *open Today 11am -4pm*"" (apt",https://sfbay.craigslist.org/nby/apa/d/1bd-1bth-special-500-off-1st/6568646536.html,(san rafael),$2313
462,"Faux Wood Flooring, Community Tot Lot, Great Entertaining Space!",https://sfbay.craigslist.org/nby/apa/d/faux-wood-flooring-community/6554886295.html,,$2325
463,1Bd/1BTH Loft Special $500 off 1st Month Tour Now!!,https://sfbay.craigslist.org/nby/apa/d/1bd-1bth-loft-special-500-off/6568644080.html,(san rafael),$2158
464,*1 MONTH FREE* Large Dog Friendly* Great Location*,https://sfbay.craigslist.org/nby/apa/d/1-month-free-large-dog/6568639242.html,(corte madera),$3295
465,We Accept Dogs Up To 80lbs * Call for Spring Special,https://sfbay.craigslist.org/nby/apa/d/we-accept-dogs-up-to-80lbs/6568638488.html,(corte madera),$3495
466,Ask About Our Move In Specials!,https://sfbay.craigslist.org/nby/apa/d/ask-about-our-move-in-specials/6568637825.html,(corte madera),$3295
467,"Short Term and Corporate Lease Options Available, Night Patrol, Views!",https://sfbay.craigslist.org/nby/apa/d/short-term-and-corporate/6568635792.html,(santa rosa),$2515
468,"Granite Countertops, Online Resident Services, Community BBQ",https://sfbay.craigslist.org/nby/apa/d/granite-countertops-online/6568633056.html,(novato),$2205
469,"High Ceilings, Fully Equipped Fitness Center, Soothing Spa",https://sfbay.craigslist.org/nby/apa/d/high-ceilings-fully-equipped/6566895668.html,(santa rosa),$2500
470,Peaceful 2 bed/2 bath w/Solarium ~ J.Wavro,https://sfbay.craigslist.org/nby/apa/d/peaceful-2-bed-2-bath/6568595074.html,(mill valley),$3995
471,1st level 1x1 in Beautiful Novato,https://sfbay.craigslist.org/nby/apa/d/1st-level-1x1-in-beautiful/6568594474.html,(novato),$2210
472,Remodeled Spacious Unit Close to China Camp San Rafael,https://sfbay.craigslist.org/nby/apa/d/remodeled-spacious-unit-close/6568587188.html,(san rafael),$2050
473,Join Our Wait List for This 1BR/1BA Home @ Azure,https://sfbay.craigslist.org/nby/apa/d/join-our-wait-list-for-this/6568588206.html,(petaluma),$2313
474,JOIN OUR WAITING LIST!,https://sfbay.craigslist.org/nby/apa/d/join-our-waiting-list/6568587384.html,(corte madera),$2225
475,"High Speed Cable and Internet Ready, Crown Molding, Washer/Dryer",https://sfbay.craigslist.org/nby/apa/d/high-speed-cable-and-internet/6566857143.html,(novato),$3030
476,PRIVATE ESTATE ON I+ ACRE WITH SPECTACULAR VIEWS,https://sfbay.craigslist.org/nby/apa/d/private-estate-on-acre-with/6551650169.html,(novato),$6800
477,BRAND NEW HOME WITH BREATHTAKING VIEWS,https://sfbay.craigslist.org/nby/apa/d/brand-new-home-with/6558493135.html,(sausalito),$13500
478,Remodeled Unit in perfect location close to downtown! A must see!,https://sfbay.craigslist.org/nby/apa/d/remodeled-unit-in-perfect/6565536095.html,(novato),$1650
479,Excellent Location!,https://sfbay.craigslist.org/nby/apa/d/excellent-location/6565537153.html,(san rafael),$2550
480,"☺ Great Petaluma Location - Great Apartments, Fireplaces, Dish Washer",https://sfbay.craigslist.org/nby/apa/d/great-petaluma-location-great/6566751019.html,,$2429
481,SONOMA STATE UNIVERSITY CONDO,https://sfbay.craigslist.org/nby/apa/d/sonoma-state-university-condo/6566566678.html,(rohnert pk / cotati),$2500
482,Lakeport Studio Apartment,https://sfbay.craigslist.org/nby/apa/d/lakeport-studio-apartment/6554965163.html,(lake county),$1180
483,ALLURING 2X1.5 BATH MINUTES FROM SF,https://sfbay.craigslist.org/nby/apa/d/alluring-2x15-bath-minutes/6568578450.html,(corte madera),$2867
484,2BD/2BTH Loft in Downtown San Rafael *Open Today 11am- 4pm*,https://sfbay.craigslist.org/nby/apa/d/2bd-2bth-loft-in-downtown-san/6568568434.html,(san rafael),$2795
485,"Sweet Parksetting 4Bedrooms  Hillside Home $ 4,250.00",https://sfbay.craigslist.org/nby/apa/d/sweet-parksetting-4bedrooms/6568565510.html,(sausalito),$42500
486,Organic gardeners-caretakers work in exchange for private residence!,https://sfbay.craigslist.org/nby/apa/d/organic-gardeners-caretakers/6568560992.html,(healdsburg / windsor),
487,"Package Concierge, Public Parks Nearby, Pool Side Community BBQ",https://sfbay.craigslist.org/nby/apa/d/package-concierge-public/6568560342.html,,$2880
488,"Central Heat and Air Conditioning, Inviting Clubhouse, Spacious Pantry",https://sfbay.craigslist.org/nby/apa/d/central-heat-and-air/6568559324.html,,$2495
489,"Tile Backsplash, Tear Drop Lighting, Scenic View",https://sfbay.craigslist.org/nby/apa/d/tile-backsplash-tear-drop/6568558628.html,(santa rosa),$2435
490,"Full-Size Washer & Dryer, Fully Renovated Apartments, Crown Molding",https://sfbay.craigslist.org/nby/apa/d/full-size-washer-dryer-fully/6568558287.html,,$2375
491,"High Speed Cable and Internet Ready, Electric Fireplaces, Soothing Spa",https://sfbay.craigslist.org/nby/apa/d/high-speed-cable-and-internet/6568557347.html,,$2020
492,Prime Cascade Canyons - One Bedroom In-law Studio,https://sfbay.craigslist.org/nby/apa/d/prime-cascade-canyons-one/6556098705.html,(mill valley),$2150
493,Large 4 Bedroom In NW SR Near Sutter Med. Ctr.,https://sfbay.craigslist.org/nby/apa/d/large-4-bedroom-in-nw-sr-near/6566091116.html,(santa rosa),$3450
494,Large 1 Bedroom Near Sutter Med Ctr,https://sfbay.craigslist.org/nby/apa/d/large-1-bedroom-near-sutter/6566087908.html,(santa rosa),$1695
495,"High Speed Cable and Internet Ready, Public Parks Nearby, Soothing Spa",https://sfbay.craigslist.org/nby/apa/d/high-speed-cable-and-internet/6565861135.html,(santa rosa),$3040
496,"Assigned Garage (Attached and Detached), Crown Molding, Carpeting",https://sfbay.craigslist.org/nby/apa/d/assigned-garage-attached-and/6568547341.html,(novato),$2205
497,This is A Home Your Dog Will Wag Their Tail Too! Come Check It Out!,https://sfbay.craigslist.org/nby/apa/d/this-is-home-your-dog-will/6568544631.html,(santa rosa),$2796
498,2x1.5 COME ENJOY THE POOL,https://sfbay.craigslist.org/nby/apa/d/2x15-come-enjoy-the-pool/6550802439.html,(sonoma),$2275
499,"Coffee Bar with Espresso Machine, Upgraded Lighting, 2.5 Acre Park",https://sfbay.craigslist.org/nby/apa/d/coffee-bar-with-espresso/6568536454.html,(santa rosa),$2886
500,4BR/2.5Bath East Petaluma Quiet Cul-de-Sac,https://sfbay.craigslist.org/nby/apa/d/4br-25bath-east-petaluma/6568533418.html,(petaluma),$3750
501,"Spacious, Open Floor Plans, Breakfast Bar, Guest Parking!",https://sfbay.craigslist.org/nby/apa/d/spacious-open-floor-plans/6560008104.html,,$2095
502,"☆ Petaluma apartment for rent, Dog Park & Washing Center, Play Area",https://sfbay.craigslist.org/nby/apa/d/petaluma-apartment-for-rent/6566792825.html,,$2429
503,2bd/2ba -RESORT AMENITIES!!- **Hardwood Floors** Pets OK!,https://sfbay.craigslist.org/nby/apa/d/2bd-2ba-resort-amenities/6568515608.html,(tiburon / belvedere),$3929
504,700ft2 - 1Bd/1Ba **RESORT AMENITIES** Fireplace - Vaulted Ceilings**,https://sfbay.craigslist.org/nby/apa/d/700ft2-1bd-1ba-resort/6565979532.html,(tiburon / belvedere),$3322
505,Views and Location- 4bdrm/2bath Top Floor Escape,https://sfbay.craigslist.org/nby/apa/d/views-and-location-4bdrm/6568502662.html,(tiburon / belvedere),$6495
506,$2150 Beautiful Remodeled Townhome w/ In-home W&D in JC Neighborhood!,https://sfbay.craigslist.org/nby/apa/d/2150-beautiful-remodeled/6562609562.html,(santa rosa),$2150
507,$2150 Beautiful NEWLY REMODELED TOWNHOME Ready Soon!!!,https://sfbay.craigslist.org/nby/apa/d/2150-beautiful-newly/6565245467.html,(santa rosa),$2150
508,"Carpeting, Designer Interior Features, Package Concierge",https://sfbay.craigslist.org/nby/apa/d/carpeting-designer-interior/6566054741.html,,$2370
509,3BR/3BA Single Family Home in desirable H-Section,https://sfbay.craigslist.org/nby/apa/d/3br-3ba-single-family-home-in/6564293994.html,(rohnert pk / cotati),$3100
510,"Have a HUD/ Sec 8 voucher? SFH, 2 living areas, quiet neighborhood",https://sfbay.craigslist.org/nby/apa/d/have-hud-sec-8-voucher-sfh-2/6568489419.html,(Sonoma County),$111111111
511,Newly Renovated*Condo Quality Finishes* Park-like Setting*,https://sfbay.craigslist.org/nby/apa/d/newly-renovatedcondo-quality/6568471143.html,(corte madera),$3205
512,"Breakfast Bar, Public Parks Nearby, Stainless Steel Appliances",https://sfbay.craigslist.org/nby/apa/d/breakfast-bar-public-parks/6568489050.html,(santa rosa),$2515
513,Private Studio ~Ready for Spring Living ~,https://sfbay.craigslist.org/nby/apa/d/private-studio-ready-for/6568481465.html,(west marin),$1240
514,"State of the art Business Center, Soothing Spa, Recreation Room",https://sfbay.craigslist.org/nby/apa/d/state-of-the-art-business/6568481093.html,,$2880
515,"Public Transportation, Quartz Countertops, Modern Tile Backsplash",https://sfbay.craigslist.org/nby/apa/d/public-transportation-quartz/6568473904.html,,$2070
516,"Tear Drop Lighting, Public Transportation, Sparkling Swimming Pool",https://sfbay.craigslist.org/nby/apa/d/tear-drop-lighting-public/6568478405.html,,$2495
517,Beautiful furnished 1 bedroom apt on private property..,https://sfbay.craigslist.org/nby/apa/d/beautiful-furnished-1-bedroom/6568462706.html,(san rafael),$2600
518,GREAT APARTMENT,https://sfbay.craigslist.org/nby/apa/d/great-apartment/6568476227.html,(sebastopol),$1850
519,"State of the art Business Center, Pool Side Community BBQ, Dishwasher",https://sfbay.craigslist.org/nby/apa/d/state-of-the-art-business/6568474977.html,,$2375
520,"֍ Petaluma Apartment Homes, Dog Park & Washing Center, Club House",https://sfbay.craigslist.org/nby/apa/d/petaluma-apartment-homes-dog/6566670521.html,,$2334
521,"Inviting Clubhouse, Cathedral Ceilings, Scenic View",https://sfbay.craigslist.org/nby/apa/d/inviting-clubhouse-cathedral/6566710687.html,(novato),$2210
522,Life Just Got Better! Free Rent! Limited Availability!,https://sfbay.craigslist.org/nby/apa/d/life-just-got-better-free/6568472413.html,(corte madera),$3205
523,Nice 2 Bd 1 BA 1 car garage - OPEN TODAY 4:30 to 5:30,https://sfbay.craigslist.org/nby/apa/d/nice-2-bd-1-ba-1-car-garage/6568471370.html,(santa rosa),$1685
524,Walk to Downtown! Very Clean 1bd w/Great Sunlight,https://sfbay.craigslist.org/nby/apa/d/walk-to-downtown-very-clean/6558440254.html,(santa rosa),$1450
525,"Firepit, Sparkling Pool, Renovated Homes with Washer/Dryer!",https://sfbay.craigslist.org/nby/apa/d/firepit-sparkling-pool/6566728945.html,(santa rosa),$2395
526,"$1750 2BR 1Ba, Upstairs w/Garage (Napa)",https://sfbay.craigslist.org/nby/apa/d/1750-2br-1ba-upstairs-garage/6564165282.html,(napa county),$1750
527,"Large Walk In Closets, Sparkling Swimming Pool, Carpeting",https://sfbay.craigslist.org/nby/apa/d/large-walk-in-closets/6566653574.html,,$2375
528,"Dishwasher, Sparkling Swimming Pool, Modern Tile Backsplash",https://sfbay.craigslist.org/nby/apa/d/dishwasher-sparkling-swimming/6568442565.html,,$2880
529,"Nightly Courtesy Patrol, Carpeting, Tear Drop Lighting",https://sfbay.craigslist.org/nby/apa/d/nightly-courtesy-patrol/6568441639.html,,$2495
530,"Spacious, Open Floor Plans, Online Resident Services, Scenic View",https://sfbay.craigslist.org/nby/apa/d/spacious-open-floor-plans/6568440916.html,(novato),$2210
531,Top Floor Apt.  W/Premium Finishes + Xtra Large Living Room!,https://sfbay.craigslist.org/nby/apa/d/top-floor-apt-premium/6551778226.html,(tiburon / belvedere),$5974
532,Take Advantage Of These Beautiful Days Exploring Your New Neighborhood,https://sfbay.craigslist.org/nby/apa/d/take-advantage-of-these/6568437371.html,(santa rosa),$2109
533,Waterfront condo with private boat dockin San Rafael for 6-8months,https://sfbay.craigslist.org/nby/apa/d/waterfront-condo-with-private/6568433363.html,(san rafael),$2300
534,"Carpeting, Public Parks Nearby, State of the art Business Center",https://sfbay.craigslist.org/nby/apa/d/carpeting-public-parks-nearby/6568432981.html,,$2375
535,"High Speed Cable and Internet Ready, Public Parks Nearby, Media Room",https://sfbay.craigslist.org/nby/apa/d/high-speed-cable-and-internet/6568431757.html,,$2020
536,PETALUMA 3 BEDROOM 2 BATHROOM UPGRADED HOUSE-DUPLEX ON WESTSIDE,https://sfbay.craigslist.org/nby/apa/d/petaluma-3-bedroom-2-bathroom/6568430601.html,(petaluma),$2400
537,"Sparkling Swimming Pool, Fully Renovated Apartments, Breakfast Bar",https://sfbay.craigslist.org/nby/apa/d/sparkling-swimming-pool-fully/6568428087.html,(santa rosa),$2435
538,"2 Bedroom, 1 Bathroom In Napa Valley, Easy Access To Hwy & Stores!",https://sfbay.craigslist.org/nby/apa/d/2-bedroom-1-bathroom-in-napa/6568427533.html,(napa county),$2325
539,"Panoramic Views, 24Hr Fitness Membership Included, $500 off Move In",https://sfbay.craigslist.org/nby/apa/d/panoramic-views-24hr-fitness/6568421268.html,(petaluma),$3367
540,"♥ Apartments In the heart of Petaluma, Tennis court, Fire pit",https://sfbay.craigslist.org/nby/apa/d/apartments-in-the-heart-of/6566626513.html,,$2429
541,"4 bedroom,3 bath F section home",https://sfbay.craigslist.org/nby/apa/d/4-bedroom3-bath-section-home/6568409268.html,(rohnert pk / cotati),$4600
542,"$500 off 1st Month, 24Hr Fitness Membership Included!",https://sfbay.craigslist.org/nby/apa/d/500-off-1st-month-24hr/6568408467.html,(petaluma),$2895
543,"BRAND NEW PRICE! GERSTLE PARK 1BR/1BA,REMOD. KIT., BATH, POOL, PARKNG!",https://sfbay.craigslist.org/nby/apa/d/brand-new-price-gerstle-park/6546454260.html,(san rafael),$1995
544,PETALUMA WESTSIDE UPGRADED 3 BED 2 BATH HOUSE/DUPLEX IN PETALUMA,https://sfbay.craigslist.org/nby/apa/d/petaluma-westside-upgraded-3/6563772140.html,(petaluma),$2400
545,"Courtyard Views, $500 off 1st Month, 1yr Movie Theater Access",https://sfbay.craigslist.org/nby/apa/d/courtyard-views-500-off-1st/6568401296.html,(petaluma),$2359
546,Take Advantage of Summer Savings! Newly Renovated 1 Bedroom Poolside!,https://sfbay.craigslist.org/nby/apa/d/take-advantage-of-summer/6564624540.html,,$2100
547,"Fully Renovated Apartments, Carpeting, Tear Drop Lighting",https://sfbay.craigslist.org/nby/apa/d/fully-renovated-apartments/6568398936.html,,$2880
548,"Package Concierge, Quartz Countertops, Media Room",https://sfbay.craigslist.org/nby/apa/d/package-concierge-quartz/6568391841.html,,$2375
549,2 BEDROOM APARTMENT OVERLOOKING VINEYARDS!,https://sfbay.craigslist.org/nby/apa/d/2-bedroom-apartment/6568388176.html,(santa rosa),$2595
550,Beautiful Townhome 2 Bedroom Apartment! Apt. 1,https://sfbay.craigslist.org/nby/apa/d/beautiful-townhome-2-bedroom/6568387966.html,(santa rosa),$2085
551,Lakeshore Cottage,https://sfbay.craigslist.org/nby/apa/d/lakeshore-cottage/6568383571.html,(lake county),$1250
552,This 2BR/2BA Home Has It All!,https://sfbay.craigslist.org/nby/apa/d/this-2br-2ba-home-has-it-all/6568384716.html,(petaluma),$3065
553,"Gourmet Kitchen with Breakfast Bar and Pantry, Dishwasher, Garage",https://sfbay.craigslist.org/nby/apa/d/gourmet-kitchen-with/6568384481.html,,$2495
554,"Recreation Room, Crown Molding, Electric Fireplaces",https://sfbay.craigslist.org/nby/apa/d/recreation-room-crown-molding/6568383363.html,,$2020
555,Vineyard Creek Apartments - Your New Home! Call Today! 1+Den!,https://sfbay.craigslist.org/nby/apa/d/vineyard-creek-apartments/6568383147.html,(santa rosa),$2395
556,Newly Remodeled Apartment - Open House 4/22/18,https://sfbay.craigslist.org/nby/apa/d/newly-remodeled-apartment/6562052423.html,(mill valley),$2525
557,"Dishwasher, Inviting Clubhouse, Package Concierge",https://sfbay.craigslist.org/nby/apa/d/dishwasher-inviting-clubhouse/6566578267.html,,$2020
558,"1X1 WITH SPACIOUS CLOSETS, GRANITE COUNTERTOPS, & MORE",https://sfbay.craigslist.org/nby/apa/d/1x1-with-spacious-closets/6568366472.html,(petaluma),$2166
559,"Stainless Steel Appliances, Fitness Center, Public Transportation",https://sfbay.craigslist.org/nby/apa/d/stainless-steel-appliances/6568362589.html,(santa rosa),$2435
560,Cloverdale Super Sweet Granny Unit,https://sfbay.craigslist.org/nby/apa/d/cloverdale-super-sweet-granny/6561787909.html,(healdsburg / windsor),$1200
561,"Newly Renovated Apartment Homes, Public Parks Nearby, Carpeting",https://sfbay.craigslist.org/nby/apa/d/newly-renovated-apartment/6566575569.html,(novato),$3030
562,"Perfect location, fitness facility , heated Pool.",https://sfbay.craigslist.org/nby/apa/d/perfect-location-fitness/6566587610.html,,$2020
563,"Creekside Setting, Walk to Downtown, 1.5 baths, Sunny Deck",https://sfbay.craigslist.org/nby/apa/d/creekside-setting-walk-to/6568351727.html,(fairfax),$2600
564,"$4k/mo. Forestville beauty, 3b 1.5ba, 2 car garage & quiet.",https://sfbay.craigslist.org/nby/apa/d/4k-mo-forestville-beauty-3b/6568346476.html,(sebastopol),$4
565,Studio in the Heart of Old Town,https://sfbay.craigslist.org/nby/apa/d/studio-in-the-heart-of-old/6568346269.html,(healdsburg / windsor),$1275
566,PAID UTILITIES - Nice and Very Quiet Unit in Historic Building!,https://sfbay.craigslist.org/nby/apa/d/paid-utilities-nice-and-very/6568345072.html,(santa rosa),$1800
567,"Pool Side Community BBQ, Crown Molding, Electric Fireplaces",https://sfbay.craigslist.org/nby/apa/d/pool-side-community-bbq-crown/6568343494.html,,$2495
568,"Carpeting, Public Transportation, Guest Parking Available",https://sfbay.craigslist.org/nby/apa/d/carpeting-public/6568342562.html,,$2375
569,Lovely 2-Bedroom Apartment Available Now!$99 Deposit,https://sfbay.craigslist.org/nby/apa/d/lovely-2-bedroom-apartment/6568330849.html,(napa county),$2399
570,"Package Concierge, Public Parks Nearby, Soothing Spa!",https://sfbay.craigslist.org/nby/apa/d/package-concierge-public/6566534312.html,,$2105
571,FIDO IS WELCOME!!! A Place To Call Home - Free Rent Special!,https://sfbay.craigslist.org/nby/apa/d/fido-is-welcome-place-to-call/6568335426.html,(corte madera),$3205
572,Beautiful 3 bedroom 2 bathroom w/ Hot Tub,https://sfbay.craigslist.org/nby/apa/d/beautiful-3-bedroom-2/6568333873.html,(rohnert pk / cotati),$3200
573,"Available Now! In-Home Washer and Dryer, -12 Miles from San Francisco",https://sfbay.craigslist.org/nby/apa/d/available-now-in-home-washer/6568332717.html,(corte madera),$3295
574,"Everything You Want In Your Next Home-Dishwasher, Washer & Dryer",https://sfbay.craigslist.org/nby/apa/d/everything-you-want-in-your/6568329206.html,(santa rosa),$2109
575,1 Bed.apt SR,https://sfbay.craigslist.org/nby/apa/d/1-bedapt-sr/6568328508.html,(San Rafael),$1800
576,UTILITIES PAID! Showing Today- Lovely Unit in Historic Santa Rosa Bldg,https://sfbay.craigslist.org/nby/apa/d/utilities-paid-showing-today/6568328223.html,(santa rosa),$1800
577,An ideal location on Shelter Ridge,https://sfbay.craigslist.org/nby/apa/d/an-ideal-location-on-shelter/6568325505.html,(mill valley),$2300
578,Views of Mt. Tam from this TOWNHOME! Get 1 MONTH FREE/ $600 Deposit!!!,https://sfbay.craigslist.org/nby/apa/d/views-of-mt-tam-from-this/6568323837.html,(corte madera),$5499
579,Petaluma West Side Cottage includes utilities,https://sfbay.craigslist.org/nby/apa/d/petaluma-west-side-cottage/6565701831.html,(petaluma),$1750
580,PEACEFUL WOODSY BLACK POINT/NOVATO 1-BR 1-BA,https://sfbay.craigslist.org/nby/apa/d/peaceful-woodsy-black-point/6568320645.html,(novato),$2000
581,Charming Temelec Home,https://sfbay.craigslist.org/nby/apa/d/charming-temelec-home/6568318934.html,(sonoma),$2850
582,"Inviting Clubhouse, Dishwasher, Sparkling Swimming Pool",https://sfbay.craigslist.org/nby/apa/d/inviting-clubhouse-dishwasher/6568318257.html,(novato),$3020
583,100 Laurel place,https://sfbay.craigslist.org/nby/apa/d/100-laurel-place/6568317666.html,(san rafael),$1895
584,UTILITIES PAID - Nice and Quiet Unit in DT Santa Rosa - Historic Bldg!,https://sfbay.craigslist.org/nby/apa/d/utilities-paid-nice-and-quiet/6568317249.html,(santa rosa),$1800
585,Nice home in Healdsburg,https://sfbay.craigslist.org/nby/apa/d/nice-home-in-healdsburg/6565241153.html,(healdsburg / windsor),$2500
586,OPEN HOUSE TODAY 4/22 9-2 Corte Madera house on the water with pool,https://sfbay.craigslist.org/nby/apa/d/open-house-todaycorte-madera/6568311956.html,(corte madera),$4825
587,WONDERFUL COTTAGE ON 1 ACRE,https://sfbay.craigslist.org/nby/apa/d/wonderful-cottage-on-1-acre/6562106568.html,(novato),$2000
